"Date","Price","Open","High","Low","Vol.","Change %"
"11/18/2022","0.712400","0.714900","0.716150","0.712100","162.02K","-0.07%"
"11/17/2022","0.712900","0.717050","0.720000","0.710500","164.25K","-0.50%"
"11/16/2022","0.716500","0.718000","0.720850","0.712750","176.81K","-0.18%"
"11/15/2022","0.717800","0.714750","0.726350","0.711050","187.41K","0.42%"
"11/14/2022","0.714800","0.721800","0.722150","0.710200","180.20K","-0.78%"
"11/11/2022","0.720400","0.709200","0.722250","0.701850","199.70K","1.58%"
"11/10/2022","0.709200","0.682800","0.713250","0.682100","182.87K","3.88%"
"11/09/2022","0.682700","0.686400","0.688850","0.681100","166.94K","-0.52%"
"11/08/2022","0.686300","0.681950","0.688150","0.680500","160.09K","0.65%"
"11/07/2022","0.681900","0.679600","0.684550","0.677600","157.08K","-0.01%"
"11/04/2022","0.682000","0.674450","0.682350","0.673850","153.79K","1.13%"
"11/03/2022","0.674400","0.676150","0.679750","0.673550","144.94K","-0.24%"
"11/02/2022","0.676000","0.674500","0.686450","0.673950","152.32K","0.24%"
"11/01/2022","0.674400","0.672450","0.680350","0.671950","150.25K","0.31%"
"10/31/2022","0.672300","0.676750","0.677750","0.671800","146.63K","-0.86%"
"10/28/2022","0.678100","0.683550","0.685000","0.676150","157.23K","-0.79%"
"10/27/2022","0.683500","0.683250","0.689150","0.680500","180.35K","0.04%"
"10/26/2022","0.683200","0.676000","0.683900","0.673750","173.40K","1.09%"
"10/25/2022","0.675800","0.671250","0.677850","0.670650","150.45K","0.69%"
"10/24/2022","0.671200","0.677650","0.686700","0.668000","170.40K","-0.89%"
"10/21/2022","0.677200","0.666000","0.683950","0.658100","132.09K","1.68%"
"10/20/2022","0.666000","0.667250","0.668650","0.665300","142.63K","-0.16%"
"10/19/2022","0.667100","0.669900","0.670700","0.667050","145.29K","-0.42%"
"10/18/2022","0.669900","0.671050","0.672650","0.669550","155.37K","-0.16%"
"10/17/2022","0.671000","0.673650","0.673750","0.670750","144.06K","-0.18%"
"10/14/2022","0.672200","0.679350","0.679850","0.671650","179.51K","-1.03%"
"10/13/2022","0.679200","0.680650","0.682600","0.677100","157.63K","-0.21%"
"10/12/2022","0.680600","0.685550","0.686250","0.680250","170.11K","-0.71%"
"10/11/2022","0.685500","0.686350","0.687650","0.685300","161.29K","-0.10%"
"10/10/2022","0.686200","0.687950","0.688550","0.685500","142.65K","-0.25%"
"10/07/2022","0.687900","0.689000","0.691000","0.687500","140.74K","-0.16%"
"10/06/2022","0.689000","0.691300","0.692700","0.688900","153.46K","-0.32%"
"10/05/2022","0.691200","0.693800","0.696800","0.690300","167.22K","-0.39%"
"10/04/2022","0.693900","0.691850","0.694950","0.689900","151.73K","0.30%"
"10/03/2022","0.691800","0.691850","0.693750","0.688600","166.40K","0.16%"
"09/30/2022","0.690700","0.692250","0.693500","0.690450","154.46K","-0.20%"
"09/29/2022","0.692100","0.693800","0.694250","0.690600","169.46K","-0.22%"
"09/28/2022","0.693600","0.690750","0.694900","0.690250","181.78K","0.42%"
"09/27/2022","0.690700","0.690800","0.694200","0.690000","190.34K","-0.01%"
"09/26/2022","0.690800","0.697400","0.697950","0.690600","188.64K","-0.97%"
"09/23/2022","0.697600","0.702350","0.705450","0.697000","193.43K","-0.68%"
"09/22/2022","0.702400","0.694250","0.712550","0.685350","219.32K","1.17%"
"09/21/2022","0.694300","0.695650","0.697650","0.691000","168.97K","-0.20%"
"09/20/2022","0.695700","0.698300","0.699550","0.694750","153.26K","-0.36%"
"09/19/2022","0.698200","0.699450","0.701050","0.696150","135.96K","-0.20%"
"09/16/2022","0.699600","0.696700","0.700150","0.695900","153.76K","0.42%"
"09/15/2022","0.696700","0.698500","0.700350","0.695350","164.92K","-0.24%"
"09/14/2022","0.698400","0.691650","0.701550","0.689850","188.61K","0.97%"
"09/13/2022","0.691700","0.700100","0.705050","0.691100","175.98K","-1.20%"
"09/12/2022","0.700100","0.703450","0.703550","0.696850","135.16K","-0.20%"
"09/09/2022","0.701500","0.693850","0.706750","0.693800","191.75K","1.10%"
"09/08/2022","0.693900","0.695800","0.697750","0.691750","178.70K","-0.26%"
"09/07/2022","0.695700","0.700300","0.700650","0.689700","197.61K","-0.64%"
"09/06/2022","0.700200","0.711150","0.713050","0.698900","167.25K","-1.53%"
"09/05/2022","0.711100","0.713400","0.713900","0.710800","122.33K","-0.28%"
"09/02/2022","0.713100","0.713250","0.715000","0.710200","133.93K","-0.01%"
"09/01/2022","0.713200","0.719550","0.719800","0.713100","162.75K","-0.89%"
"08/31/2022","0.719600","0.720450","0.723250","0.719400","151.73K","-0.11%"
"08/30/2022","0.720400","0.720950","0.724400","0.719000","157.34K","-0.07%"
"08/29/2022","0.720900","0.726450","0.727000","0.719400","121.99K","-0.84%"
"08/26/2022","0.727000","0.732600","0.733700","0.726900","124.28K","-0.74%"
"08/25/2022","0.732400","0.729250","0.733550","0.728850","157.18K","0.44%"
"08/24/2022","0.729200","0.731050","0.734350","0.728550","149.97K","-0.23%"
"08/23/2022","0.730900","0.727350","0.736350","0.726150","150.21K","0.49%"
"08/22/2022","0.727300","0.730600","0.731550","0.726400","164.18K","-0.38%"
"08/19/2022","0.730100","0.735850","0.736850","0.728600","149.75K","-0.77%"
"08/18/2022","0.735800","0.740600","0.742700","0.735750","151.77K","-0.63%"
"08/17/2022","0.740500","0.744950","0.746800","0.737950","166.69K","-0.59%"
"08/16/2022","0.744900","0.750150","0.752200","0.742450","159.22K","-0.68%"
"08/15/2022","0.750000","0.749400","0.754450","0.748500","129.75K","0.13%"
"08/12/2022","0.749000","0.751700","0.752550","0.746800","158.45K","-0.36%"
"08/11/2022","0.751700","0.752400","0.759150","0.750050","167.30K","-0.08%"
"08/10/2022","0.752300","0.739900","0.757400","0.739050","166.28K","1.69%"
"08/09/2022","0.739800","0.740650","0.742600","0.739500","152.85K","-0.11%"
"08/08/2022","0.740600","0.740650","0.744300","0.737550","154.10K","-0.01%"
"08/05/2022","0.740700","0.752650","0.754600","0.738000","173.81K","-1.56%"
"08/04/2022","0.752400","0.747050","0.753250","0.743850","168.76K","0.72%"
"08/03/2022","0.747000","0.750900","0.755950","0.743250","175.51K","-0.52%"
"08/02/2022","0.750900","0.759800","0.766850","0.750850","188.27K","-1.15%"
"08/01/2022","0.759600","0.750650","0.759900","0.748650","168.93K","1.20%"
"07/29/2022","0.750600","0.744600","0.754700","0.742500","174.43K","0.79%"
"07/28/2022","0.744700","0.732250","0.745200","0.732100","172.19K","1.71%"
"07/27/2022","0.732200","0.730300","0.733550","0.727400","128.63K","0.27%"
"07/26/2022","0.730200","0.731550","0.733800","0.730050","130.69K","-0.18%"
"07/25/2022","0.731500","0.734900","0.735850","0.731000","138.21K","-0.46%"
"07/22/2022","0.734900","0.727900","0.737650","0.724800","135.97K","0.98%"
"07/21/2022","0.727800","0.723400","0.728350","0.720000","155.58K","0.61%"
"07/20/2022","0.723400","0.723600","0.725150","0.722600","135.91K","-0.01%"
"07/19/2022","0.723500","0.723950","0.727950","0.722500","134.53K","-0.06%"
"07/18/2022","0.723900","0.721800","0.725250","0.721600","118.60K","0.30%"
"07/15/2022","0.721700","0.719600","0.722550","0.718750","137.21K","0.26%"
"07/14/2022","0.719800","0.727650","0.728150","0.717350","168.99K","-1.07%"
"07/13/2022","0.727600","0.730600","0.731600","0.725300","148.38K","-0.41%"
"07/12/2022","0.730600","0.727550","0.732750","0.727100","148.65K","0.43%"
"07/11/2022","0.727500","0.735150","0.735300","0.725900","138.64K","-0.98%"
"07/08/2022","0.734700","0.735150","0.738950","0.732200","164.19K","-0.05%"
"07/07/2022","0.735100","0.735600","0.737800","0.734000","156.53K","-0.05%"
"07/06/2022","0.735500","0.735900","0.741050","0.735200","178.40K","-0.04%"
"07/05/2022","0.735800","0.736900","0.737900","0.733300","166.88K","-0.14%"
"07/04/2022","0.736800","0.738950","0.741950","0.736400","128.08K","-0.37%"
"07/01/2022","0.739500","0.736800","0.742150","0.735350","150.83K","0.39%"
"06/30/2022","0.736600","0.732150","0.737750","0.730850","183.94K","0.63%"
"06/29/2022","0.732000","0.734600","0.736450","0.729850","172.60K","-0.33%"
"06/28/2022","0.734400","0.738200","0.740150","0.733100","167.31K","-0.51%"
"06/27/2022","0.738200","0.740100","0.743400","0.737700","155.30K","-0.19%"
"06/24/2022","0.739600","0.741050","0.744300","0.738500","172.61K","-0.19%"
"06/23/2022","0.741000","0.733800","0.744850","0.733800","195.24K","0.98%"
"06/22/2022","0.733800","0.731800","0.737000","0.731450","155.49K","0.26%"
"06/21/2022","0.731900","0.740200","0.741150","0.731450","154.12K","-1.11%"
"06/20/2022","0.740100","0.741300","0.743300","0.738250","136.94K","-0.09%"
"06/17/2022","0.740800","0.756350","0.756650","0.738300","206.82K","-2.05%"
"06/16/2022","0.756300","0.747100","0.760550","0.742500","200.64K","1.22%"
"06/15/2022","0.747200","0.738150","0.749050","0.737500","166.45K","1.23%"
"06/14/2022","0.738100","0.743900","0.747000","0.738100","164.48K","-0.78%"
"06/13/2022","0.743900","0.744100","0.748550","0.739700","155.82K","0.01%"
"06/10/2022","0.743800","0.744350","0.749850","0.743550","140.19K","-0.07%"
"06/09/2022","0.744300","0.744750","0.750850","0.743150","149.74K","-0.07%"
"06/08/2022","0.744800","0.754300","0.754350","0.743600","142.77K","-1.23%"
"06/07/2022","0.754100","0.758300","0.758350","0.751800","125.50K","-0.54%"
"06/06/2022","0.758200","0.764200","0.766700","0.757400","107.60K","-0.77%"
"06/03/2022","0.764100","0.770200","0.771150","0.763450","82.75K","-0.78%"
"06/02/2022","0.770100","0.768500","0.772150","0.767850","109.73K","0.21%"
"06/01/2022","0.768500","0.777300","0.777400","0.768100","117.13K","-1.08%"
"05/31/2022","0.776900","0.783900","0.784150","0.775800","130.29K","-0.88%"
"05/30/2022","0.783800","0.787000","0.788250","0.782300","90.80K","-0.34%"
"05/27/2022","0.786500","0.786600","0.789450","0.785750","122.80K","0.03%"
"05/26/2022","0.786300","0.785300","0.790200","0.783750","129.10K","0.13%"
"05/25/2022","0.785300","0.788500","0.789600","0.784250","136.80K","-0.41%"
"05/24/2022","0.788500","0.781800","0.791400","0.780750","145.86K","0.84%"
"05/23/2022","0.781900","0.781700","0.786500","0.780800","120.50K","-0.01%"
"05/20/2022","0.782000","0.782550","0.784150","0.779350","151.14K","-0.05%"
"05/19/2022","0.782400","0.779850","0.787250","0.775450","168.76K","0.33%"
"05/18/2022","0.779800","0.772900","0.781200","0.771900","141.61K","0.92%"
"05/17/2022","0.772700","0.774150","0.776250","0.770500","128.49K","-0.18%"
"05/16/2022","0.774100","0.773600","0.777000","0.771350","123.55K","0.03%"
"05/13/2022","0.773900","0.779150","0.779700","0.772400","154.93K","-0.67%"
"05/12/2022","0.779100","0.770500","0.784200","0.768850","180.60K","1.27%"
"05/11/2022","0.769300","0.766550","0.772500","0.764400","159.89K","0.37%"
"05/10/2022","0.766500","0.767700","0.770450","0.765850","164.14K","-0.14%"
"05/09/2022","0.767600","0.766200","0.768550","0.761300","113.55K","0.24%"
"05/06/2022","0.765800","0.768100","0.768700","0.764450","142.24K","-0.33%"
"05/05/2022","0.768300","0.774750","0.776700","0.765900","147.40K","-0.81%"
"05/04/2022","0.774600","0.768600","0.777450","0.766900","111.39K","0.79%"
"05/03/2022","0.768500","0.768400","0.771050","0.767400","117.51K","0.04%"
"05/02/2022","0.768200","0.770550","0.771550","0.766400","112.84K","-0.25%"
"04/29/2022","0.770100","0.764150","0.773350","0.763600","158.88K","0.79%"
"04/28/2022","0.764100","0.778600","0.779200","0.761850","163.21K","-1.85%"
"04/27/2022","0.778500","0.785950","0.787700","0.777600","130.18K","-0.94%"
"04/26/2022","0.785900","0.780350","0.787250","0.779850","148.52K","0.72%"
"04/25/2022","0.780300","0.777600","0.784200","0.775950","150.03K","0.33%"
"04/22/2022","0.777700","0.778900","0.782900","0.774500","137.03K","-0.14%"
"04/21/2022","0.778800","0.781950","0.782450","0.776900","155.67K","-0.40%"
"04/20/2022","0.781900","0.775700","0.784600","0.772750","162.79K","0.81%"
"04/19/2022","0.775600","0.787450","0.787600","0.775250","132.12K","-1.49%"
"04/18/2022","0.787300","0.791000","0.792100","0.787350","90.41K","-0.51%"
"04/15/2022","0.791300","0.794400","0.794500","0.789300","144.12K","-0.38%"
"04/14/2022","0.794300","0.795750","0.799500","0.793450","126.73K","-0.18%"
"04/13/2022","0.795700","0.797700","0.797800","0.791600","124.24K","-0.24%"
"04/12/2022","0.797600","0.797650","0.801400","0.795100","108.48K","0.01%"
"04/11/2022","0.797500","0.806100","0.806500","0.795000","104.04K","-0.83%"
"04/08/2022","0.804200","0.806900","0.808600","0.802000","96.53K","-0.32%"
"04/07/2022","0.806800","0.807700","0.809900","0.806400","97.04K","-0.11%"
"04/06/2022","0.807700","0.809000","0.809900","0.806000","111.94K","-0.15%"
"04/05/2022","0.808900","0.814300","0.817200","0.808550","90.20K","-0.66%"
"04/04/2022","0.814300","0.815450","0.817950","0.813250","109.25K","-0.23%"
"04/01/2022","0.816200","0.821900","0.821900","0.812700","133.95K","-0.66%"
"03/31/2022","0.821600","0.820500","0.824600","0.816600","136.89K","0.10%"
"03/30/2022","0.820800","0.814000","0.824350","0.811650","142.01K","0.86%"
"03/29/2022","0.813800","0.808300","0.819800","0.804450","155.45K","0.86%"
"03/28/2022","0.806900","0.819850","0.819950","0.799300","128.06K","-1.50%"
"03/25/2022","0.819200","0.817300","0.825250","0.816750","107.22K","0.23%"
"03/24/2022","0.817300","0.825400","0.826800","0.816850","92.24K","-0.98%"
"03/23/2022","0.825400","0.827700","0.829250","0.823600","108.48K","-0.30%"
"03/22/2022","0.827900","0.837000","0.837300","0.826150","92.59K","-1.09%"
"03/21/2022","0.837000","0.839100","0.839950","0.836750","63.55K","-0.23%"
"03/18/2022","0.838900","0.843200","0.844100","0.837450","72.96K","-0.51%"
"03/17/2022","0.843200","0.842300","0.844850","0.840150","88.03K","0.13%"
"03/16/2022","0.842100","0.845300","0.846250","0.839400","94.13K","-0.37%"
"03/15/2022","0.845200","0.846200","0.849600","0.844150","99.91K","-0.09%"
"03/14/2022","0.846000","0.852250","0.852500","0.845850","85.18K","-0.75%"
"03/11/2022","0.852400","0.861000","0.861350","0.852050","106.39K","-1.00%"
"03/10/2022","0.861000","0.863300","0.863500","0.860550","101.45K","-0.23%"
"03/09/2022","0.863000","0.864500","0.865400","0.862350","93.47K","-0.16%"
"03/08/2022","0.864400","0.867300","0.867600","0.863550","101.82K","-0.29%"
"03/07/2022","0.866900","0.870950","0.871200","0.865900","110.51K","-0.47%"
"03/04/2022","0.871000","0.866100","0.872250","0.865350","113.03K","0.58%"
"03/03/2022","0.866000","0.865650","0.866700","0.863450","87.74K","0.05%"
"03/02/2022","0.865600","0.870300","0.871200","0.864350","106.51K","-0.53%"
"03/01/2022","0.870200","0.869500","0.871900","0.867350","103.86K","0.09%"
"02/28/2022","0.869400","0.869700","0.870600","0.863700","113.08K","0.50%"
"02/25/2022","0.865100","0.865550","0.868500","0.863750","109.13K","-0.03%"
"02/24/2022","0.865400","0.869700","0.874100","0.864250","143.62K","-0.48%"
"02/23/2022","0.869600","0.868900","0.870200","0.867950","86.95K","0.08%"
"02/22/2022","0.868900","0.871600","0.873400","0.867650","124.41K","-0.30%"
"02/21/2022","0.871500","0.870150","0.871750","0.868600","87.35K","0.26%"
"02/18/2022","0.869200","0.870050","0.871150","0.867250","108.84K","-0.09%"
"02/17/2022","0.870000","0.865850","0.870750","0.865500","119.77K","0.46%"
"02/16/2022","0.866000","0.864800","0.866950","0.863550","107.77K","0.15%"
"02/15/2022","0.864700","0.865500","0.867650","0.862900","104.60K","-0.08%"
"02/14/2022","0.865400","0.867500","0.869500","0.863850","117.27K","-0.10%"
"02/11/2022","0.866300","0.861950","0.869500","0.860750","112.64K","0.52%"
"02/10/2022","0.861800","0.865800","0.866000","0.859450","112.09K","-0.45%"
"02/09/2022","0.865700","0.865450","0.867200","0.864400","100.51K","0.03%"
"02/08/2022","0.865400","0.868850","0.869200","0.864750","114.45K","-0.35%"
"02/07/2022","0.868400","0.867900","0.870250","0.866700","110.94K","0.07%"
"02/04/2022","0.867800","0.869750","0.871300","0.866250","110.22K","-0.21%"
"02/03/2022","0.869600","0.873700","0.874700","0.869600","103.89K","-0.46%"
"02/02/2022","0.873600","0.871650","0.876000","0.871000","82.28K","0.24%"
"02/01/2022","0.871500","0.868600","0.872900","0.868000","90.72K","0.33%"
"01/31/2022","0.868600","0.867850","0.870150","0.865000","92.42K","0.13%"
"01/28/2022","0.867500","0.866800","0.868700","0.864350","102.23K","0.10%"
"01/27/2022","0.866600","0.872250","0.873600","0.865850","108.36K","-0.63%"
"01/26/2022","0.872100","0.878000","0.878950","0.871800","96.68K","-0.67%"
"01/25/2022","0.878000","0.877350","0.879800","0.875850","124.91K","0.05%"
"01/24/2022","0.877600","0.879850","0.881300","0.877150","130.77K","-0.20%"
"01/21/2022","0.879400","0.876400","0.880300","0.875900","106.96K","0.35%"
"01/20/2022","0.876300","0.874700","0.877550","0.872950","108.38K","0.21%"
"01/19/2022","0.874500","0.872500","0.875600","0.871150","118.71K","0.24%"
"01/18/2022","0.872400","0.872300","0.873800","0.869100","124.84K","0.01%"
"01/17/2022","0.872300","0.875650","0.876250","0.872150","82.08K","-0.35%"
"01/14/2022","0.875400","0.875800","0.881200","0.875100","103.10K","-0.02%"
"01/13/2022","0.875600","0.872250","0.877200","0.871750","86.44K","0.38%"
"01/12/2022","0.872300","0.867350","0.874300","0.865950","88.29K","0.58%"
"01/11/2022","0.867300","0.867950","0.868650","0.864350","89.48K","-0.06%"
"01/10/2022","0.867800","0.864800","0.869200","0.863150","84.71K","0.30%"
"01/07/2022","0.865200","0.863300","0.865750","0.861700","78.40K","0.23%"
"01/06/2022","0.863200","0.861150","0.864900","0.860600","99.42K","0.24%"
"01/05/2022","0.861100","0.860900","0.864950","0.860200","79.26K","0.03%"
"01/04/2022","0.860800","0.867050","0.867400","0.859400","77.97K","-0.72%"
"01/03/2022","0.867000","0.868850","0.869900","0.866750","49.53K","-0.20%"
"12/31/2021","0.868700","0.868850","0.869550","0.868050","58.73K","-0.02%"
"12/30/2021","0.868900","0.869850","0.870050","0.868000","62.07K","-0.10%"
"12/29/2021","0.869800","0.870900","0.872050","0.869250","71.39K","-0.11%"
"12/28/2021","0.870800","0.870750","0.871800","0.869900","64.26K","0.03%"
"12/27/2021","0.870500","0.874250","0.874850","0.870100","46.79K","-0.38%"
"12/24/2021","0.873800","0.874150","0.874950","0.873200","106.10K","-0.02%"
"12/23/2021","0.874000","0.876300","0.876700","0.873550","83.70K","-0.26%"
"12/22/2021","0.876300","0.876300","0.877600","0.874250","82.43K","0.00%"
"12/21/2021","0.876300","0.880300","0.880650","0.875450","99.49K","-0.44%"
"12/20/2021","0.880200","0.880050","0.882400","0.879200","108.10K","0.08%"
"12/17/2021","0.879500","0.879850","0.883900","0.878200","116.03K","0.01%"
"12/16/2021","0.879400","0.877000","0.880600","0.875250","99.21K","0.30%"
"12/15/2021","0.876800","0.879300","0.880150","0.875100","108.34K","-0.27%"
"12/14/2021","0.879200","0.880500","0.881650","0.878950","110.40K","-0.14%"
"12/13/2021","0.880400","0.882800","0.882850","0.879200","95.99K","-0.17%"
"12/10/2021","0.881900","0.880900","0.883250","0.878700","110.53K","0.07%"
"12/09/2021","0.881300","0.879650","0.882850","0.878600","109.65K","0.19%"
"12/08/2021","0.879600","0.880400","0.882600","0.877450","121.75K","-0.08%"
"12/07/2021","0.880300","0.881300","0.881900","0.878850","137.80K","-0.09%"
"12/06/2021","0.881100","0.886750","0.886750","0.880550","114.10K","-0.59%"
"12/03/2021","0.886300","0.883650","0.888450","0.880100","119.09K","0.32%"
"12/02/2021","0.883500","0.886800","0.887650","0.882250","127.17K","-0.34%"
"12/01/2021","0.886500","0.883600","0.887600","0.879950","148.52K","0.34%"
"11/30/2021","0.883500","0.880800","0.888650","0.877900","163.84K","0.31%"
"11/29/2021","0.880800","0.882150","0.885100","0.877450","121.05K","-0.19%"
"11/26/2021","0.882500","0.866800","0.884600","0.866700","167.89K","1.80%"
"11/25/2021","0.866900","0.866200","0.867800","0.866100","113.37K","0.09%"
"11/24/2021","0.866100","0.868800","0.870950","0.865550","118.64K","-0.25%"
"11/23/2021","0.868300","0.870200","0.873450","0.868150","142.34K","-0.24%"
"11/22/2021","0.870400","0.877450","0.877900","0.869750","150.73K","-0.76%"
"11/19/2021","0.877100","0.875250","0.880450","0.872950","109.94K","0.23%"
"11/18/2021","0.875100","0.876700","0.878150","0.873450","134.08K","-0.14%"
"11/17/2021","0.876300","0.870850","0.877750","0.869700","130.63K","0.62%"
"11/16/2021","0.870900","0.876250","0.876400","0.870650","110.07K","-0.59%"
"11/15/2021","0.876100","0.877950","0.879100","0.875500","83.56K","-0.23%"
"11/12/2021","0.878100","0.876700","0.879100","0.874800","92.39K","0.18%"
"11/11/2021","0.876500","0.877800","0.878700","0.875950","84.04K","-0.15%"
"11/10/2021","0.877800","0.885900","0.886750","0.877000","101.80K","-0.89%"
"11/09/2021","0.885700","0.883100","0.887200","0.882650","103.97K","0.31%"
"11/08/2021","0.883000","0.881550","0.884400","0.879700","91.52K","0.16%"
"11/05/2021","0.881600","0.879150","0.882650","0.876850","99.53K","0.31%"
"11/04/2021","0.878900","0.877150","0.881000","0.874950","102.90K","0.21%"
"11/03/2021","0.877100","0.877550","0.879400","0.875450","91.03K","-0.02%"
"11/02/2021","0.877300","0.877200","0.881350","0.876100","106.66K","0.02%"
"11/01/2021","0.877100","0.877350","0.877700","0.873650","85.88K","0.01%"
"10/29/2021","0.877000","0.880400","0.881950","0.876400","105.85K","-0.37%"
"10/28/2021","0.880300","0.878550","0.883000","0.878150","113.66K","0.22%"
"10/27/2021","0.878400","0.876000","0.881950","0.875500","96.00K","0.29%"
"10/26/2021","0.875900","0.879450","0.879650","0.874750","81.15K","-0.39%"
"10/25/2021","0.879300","0.880350","0.881350","0.877750","91.97K","-0.20%"
"10/22/2021","0.881100","0.877400","0.881800","0.875600","91.61K","0.44%"
"10/21/2021","0.877200","0.875100","0.879900","0.873950","86.09K","0.25%"
"10/20/2021","0.875000","0.874300","0.876600","0.871800","87.10K","0.10%"
"10/19/2021","0.874100","0.874700","0.878100","0.874100","81.68K","-0.06%"
"10/18/2021","0.874600","0.875550","0.877100","0.873650","88.66K","-0.08%"
"10/15/2021","0.875300","0.879650","0.879950","0.873550","89.57K","-0.49%"
"10/14/2021","0.879600","0.882800","0.883300","0.879250","68.74K","-0.37%"
"10/13/2021","0.882900","0.880200","0.883200","0.878600","97.58K","0.33%"
"10/12/2021","0.880000","0.882600","0.884950","0.878750","82.36K","-0.27%"
"10/11/2021","0.882400","0.891450","0.891700","0.881650","66.70K","-0.95%"
"10/08/2021","0.890900","0.895850","0.896800","0.890750","71.61K","-0.56%"
"10/07/2021","0.895900","0.897550","0.899050","0.895600","77.54K","-0.16%"
"10/06/2021","0.897300","0.897050","0.899300","0.894500","92.31K","0.03%"
"10/05/2021","0.897000","0.901850","0.902000","0.896350","97.53K","-0.49%"
"10/04/2021","0.901400","0.900650","0.902300","0.898350","75.89K","0.13%"
"10/01/2021","0.900200","0.898650","0.901700","0.896900","81.10K","0.19%"
"09/30/2021","0.898500","0.893050","0.899000","0.892200","91.22K","0.60%"
"09/29/2021","0.893100","0.896900","0.899250","0.892450","77.89K","-0.39%"
"09/28/2021","0.896600","0.900800","0.901500","0.895700","94.15K","-0.46%"
"09/27/2021","0.900700","0.903400","0.904700","0.900300","64.19K","-0.25%"
"09/24/2021","0.903000","0.906400","0.907000","0.902500","61.77K","-0.38%"
"09/23/2021","0.906400","0.910850","0.911150","0.906150","65.79K","-0.47%"
"09/22/2021","0.910700","0.915450","0.916400","0.909900","86.73K","-0.51%"
"09/21/2021","0.915400","0.914050","0.915900","0.911450","73.92K","0.14%"
"09/20/2021","0.914100","0.909300","0.914750","0.908750","66.23K","0.54%"
"09/17/2021","0.909200","0.910950","0.911850","0.908400","61.24K","-0.23%"
"09/16/2021","0.911300","0.914300","0.915700","0.910450","81.51K","-0.32%"
"09/15/2021","0.914200","0.911800","0.916550","0.911150","71.57K","0.29%"
"09/14/2021","0.911600","0.909150","0.913050","0.907750","73.06K","0.29%"
"09/13/2021","0.909000","0.910000","0.910350","0.907750","54.74K","-0.07%"
"09/10/2021","0.909600","0.911400","0.911650","0.909150","77.61K","-0.19%"
"09/09/2021","0.911300","0.907150","0.912250","0.906650","68.40K","0.49%"
"09/08/2021","0.906900","0.906700","0.908000","0.905350","74.76K","0.03%"
"09/07/2021","0.906600","0.910300","0.911700","0.906450","79.81K","-0.40%"
"09/06/2021","0.910200","0.911200","0.911600","0.909450","52.80K","-0.10%"
"09/03/2021","0.911100","0.909450","0.912500","0.908400","74.10K","0.18%"
"09/02/2021","0.909500","0.909050","0.909800","0.908100","66.94K","0.07%"
"09/01/2021","0.908900","0.908900","0.910100","0.905600","80.13K","0.02%"
"08/31/2021","0.908700","0.909650","0.912550","0.908400","71.43K","-0.11%"
"08/30/2021","0.909700","0.910300","0.911600","0.909350","44.91K","-0.07%"
"08/27/2021","0.910300","0.908300","0.910900","0.906800","80.22K","0.22%"
"08/26/2021","0.908300","0.909050","0.909800","0.907150","75.65K","-0.06%"
"08/25/2021","0.908800","0.912100","0.912300","0.908000","61.02K","-0.35%"
"08/24/2021","0.912000","0.911800","0.914000","0.909950","54.55K","0.05%"
"08/23/2021","0.911500","0.910700","0.912000","0.907800","61.18K","0.11%"
"08/20/2021","0.910500","0.911200","0.912700","0.910000","74.09K","-0.08%"
"08/19/2021","0.911200","0.911000","0.913350","0.907200","87.92K","0.04%"
"08/18/2021","0.910800","0.912550","0.913450","0.908500","73.87K","-0.18%"
"08/17/2021","0.912400","0.915550","0.916400","0.911900","79.56K","-0.31%"
"08/16/2021","0.915200","0.911550","0.916500","0.911100","88.50K","0.31%"
"08/13/2021","0.912400","0.905850","0.912900","0.905250","70.85K","0.75%"
"08/12/2021","0.905600","0.905700","0.906550","0.904550","81.18K","0.00%"
"08/11/2021","0.905600","0.904350","0.906550","0.902500","72.41K","0.15%"
"08/10/2021","0.904200","0.906750","0.906800","0.904150","85.19K","-0.25%"
"08/09/2021","0.906500","0.906900","0.908900","0.906100","57.24K","-0.03%"
"08/06/2021","0.906800","0.911000","0.911600","0.906150","73.50K","-0.46%"
"08/05/2021","0.911000","0.913350","0.914050","0.910800","92.76K","-0.24%"
"08/04/2021","0.913200","0.916900","0.919800","0.911700","82.51K","-0.39%"
"08/03/2021","0.916800","0.914800","0.918500","0.914450","71.63K","0.23%"
"08/02/2021","0.914700","0.911600","0.915900","0.910850","59.89K","0.37%"
"07/30/2021","0.911300","0.913450","0.914400","0.910500","61.30K","-0.21%"
"07/29/2021","0.913200","0.909850","0.913900","0.909400","92.00K","0.38%"
"07/28/2021","0.909700","0.911100","0.911250","0.906700","83.65K","-0.12%"
"07/27/2021","0.910800","0.906150","0.912600","0.905750","76.01K","0.53%"
"07/26/2021","0.906000","0.904450","0.908150","0.904250","58.68K","0.18%"
"07/23/2021","0.904400","0.907800","0.908400","0.904200","60.25K","-0.36%"
"07/22/2021","0.907700","0.906400","0.909000","0.906100","69.38K","0.13%"
"07/21/2021","0.906500","0.910300","0.910800","0.905900","70.49K","-0.41%"
"07/20/2021","0.910200","0.913800","0.914650","0.909400","85.34K","-0.36%"
"07/19/2021","0.913500","0.909800","0.916900","0.908200","74.04K","0.54%"
"07/16/2021","0.908600","0.910100","0.911300","0.906150","67.88K","-0.15%"
"07/15/2021","0.910000","0.909050","0.911500","0.908300","69.83K","0.08%"
"07/14/2021","0.909300","0.903900","0.909700","0.903300","61.69K","0.61%"
"07/13/2021","0.903800","0.905950","0.907500","0.903750","60.06K","-0.24%"
"07/12/2021","0.906000","0.907750","0.909250","0.905700","62.85K","-0.19%"
"07/09/2021","0.907700","0.910700","0.911300","0.906900","70.49K","-0.32%"
"07/08/2021","0.910600","0.903650","0.913000","0.903250","81.43K","0.77%"
"07/07/2021","0.903600","0.904050","0.905850","0.902300","72.50K","-0.02%"
"07/06/2021","0.903800","0.901200","0.904800","0.900950","88.81K","0.31%"
"07/05/2021","0.901000","0.900450","0.902550","0.899300","69.00K","0.08%"
"07/02/2021","0.900300","0.896650","0.901300","0.895550","59.20K","0.42%"
"07/01/2021","0.896500","0.900050","0.900700","0.895700","62.13K","-0.38%"
"06/30/2021","0.899900","0.904750","0.905650","0.899900","65.92K","-0.53%"
"06/29/2021","0.904700","0.903900","0.905550","0.902800","64.27K","0.10%"
"06/28/2021","0.903800","0.902950","0.905000","0.901050","51.97K","0.16%"
"06/25/2021","0.902400","0.901900","0.905150","0.901000","62.86K","0.07%"
"06/24/2021","0.901800","0.901300","0.903400","0.899900","81.97K","0.08%"
"06/23/2021","0.901100","0.903800","0.904000","0.900000","55.49K","-0.28%"
"06/22/2021","0.903600","0.906450","0.907350","0.902500","63.53K","-0.30%"
"06/21/2021","0.906300","0.906900","0.911450","0.906200","73.50K","-0.12%"
"06/18/2021","0.907400","0.907500","0.909600","0.905050","78.77K","0.03%"
"06/17/2021","0.907100","0.903350","0.907750","0.902250","81.06K","0.42%"
"06/16/2021","0.903300","0.908450","0.910750","0.903150","58.49K","-0.55%"
"06/15/2021","0.908300","0.908550","0.909250","0.907650","59.05K","-0.01%"
"06/14/2021","0.908400","0.912050","0.912450","0.908250","50.13K","-0.36%"
"06/11/2021","0.911700","0.914700","0.914800","0.910350","59.98K","-0.32%"
"06/10/2021","0.914600","0.912200","0.914900","0.910700","68.50K","0.27%"
"06/09/2021","0.912100","0.913250","0.915600","0.911900","64.16K","-0.11%"
"06/08/2021","0.913100","0.915300","0.915800","0.912750","69.73K","-0.23%"
"06/07/2021","0.915200","0.913100","0.915900","0.912050","60.23K","0.23%"
"06/04/2021","0.913100","0.906650","0.914400","0.906300","70.08K","0.73%"
"06/03/2021","0.906500","0.912800","0.912950","0.906400","64.01K","-0.68%"
"06/02/2021","0.912700","0.913450","0.913900","0.909950","65.89K","-0.08%"
"06/01/2021","0.913400","0.912650","0.914700","0.911450","76.05K","0.08%"
"05/31/2021","0.912700","0.910450","0.914500","0.909550","78.27K","0.32%"
"05/28/2021","0.909800","0.910600","0.911250","0.907350","76.80K","-0.09%"
"05/27/2021","0.910600","0.916150","0.917150","0.909700","104.94K","-0.59%"
"05/26/2021","0.916000","0.919350","0.919850","0.915900","101.88K","-0.35%"
"05/25/2021","0.919200","0.919650","0.921100","0.916800","102.12K","-0.03%"
"05/24/2021","0.919500","0.917900","0.920050","0.917400","80.10K","0.20%"
"05/21/2021","0.917700","0.919250","0.920750","0.917350","89.15K","-0.17%"
"05/20/2021","0.919300","0.915450","0.919550","0.914800","85.61K","0.43%"
"05/19/2021","0.915400","0.918400","0.921050","0.914550","98.11K","-0.30%"
"05/18/2021","0.918200","0.915700","0.918800","0.915000","95.70K","0.28%"
"05/17/2021","0.915600","0.915150","0.916850","0.913200","73.66K","0.14%"
"05/14/2021","0.914300","0.913550","0.915800","0.911900","71.42K","0.10%"
"05/13/2021","0.913400","0.911850","0.914100","0.910800","85.86K","0.19%"
"05/12/2021","0.911700","0.920650","0.920900","0.911450","80.52K","-0.96%"
"05/11/2021","0.920500","0.919150","0.922900","0.917500","102.01K","0.16%"
"05/10/2021","0.919000","0.920250","0.922000","0.916900","94.66K","-0.17%"
"05/07/2021","0.920600","0.916700","0.923050","0.914950","79.63K","0.44%"
"05/06/2021","0.916600","0.915700","0.917400","0.913800","92.29K","0.10%"
"05/05/2021","0.915700","0.914550","0.916250","0.913400","95.29K","0.14%"
"05/04/2021","0.914400","0.916800","0.917200","0.913300","81.96K","-0.25%"
"05/03/2021","0.916700","0.915200","0.918300","0.911550","68.74K","0.20%"
"04/30/2021","0.914900","0.918150","0.919900","0.914300","88.15K","-0.33%"
"04/29/2021","0.917900","0.920850","0.922250","0.915500","72.99K","-0.29%"
"04/28/2021","0.920600","0.919650","0.921050","0.916700","89.23K","0.08%"
"04/27/2021","0.919900","0.925100","0.925350","0.919300","106.32K","-0.56%"
"04/26/2021","0.925100","0.926050","0.929000","0.924150","89.06K","-0.14%"
"04/23/2021","0.926400","0.926250","0.930450","0.924650","85.76K","0.02%"
"04/22/2021","0.926200","0.925350","0.927550","0.923900","94.66K","0.11%"
"04/21/2021","0.925200","0.925100","0.927000","0.923450","82.63K","0.02%"
"04/20/2021","0.925000","0.924600","0.926250","0.921200","97.85K","0.06%"
"04/19/2021","0.924400","0.919350","0.925850","0.918800","77.90K","0.58%"
"04/16/2021","0.919100","0.919350","0.920700","0.917700","95.69K","-0.03%"
"04/15/2021","0.919400","0.918150","0.920700","0.917500","96.42K","0.16%"
"04/14/2021","0.917900","0.916950","0.919550","0.916600","95.10K","0.12%"
"04/13/2021","0.916800","0.914200","0.917300","0.911050","95.07K","0.30%"
"04/12/2021","0.914100","0.911750","0.915400","0.910950","91.28K","0.26%"
"04/09/2021","0.911700","0.915350","0.915750","0.909400","72.72K","-0.38%"
"04/08/2021","0.915200","0.910250","0.917450","0.909850","82.61K","0.55%"
"04/07/2021","0.910200","0.911200","0.912600","0.909450","86.35K","-0.09%"
"04/06/2021","0.911000","0.907750","0.911850","0.904450","78.49K","0.39%"
"04/05/2021","0.907500","0.903950","0.909400","0.902900","60.41K","0.46%"
"04/02/2021","0.903300","0.903950","0.906100","0.902900","67.33K","-0.07%"
"04/01/2021","0.903900","0.903000","0.904650","0.902100","89.36K","0.09%"
"03/31/2021","0.903100","0.906150","0.906900","0.901150","99.72K","-0.31%"
"03/30/2021","0.905900","0.910800","0.911200","0.905550","72.91K","-0.53%"
"03/29/2021","0.910700","0.911950","0.914300","0.910300","82.13K","-0.12%"
"03/26/2021","0.911800","0.915900","0.916350","0.910300","85.20K","-0.44%"
"03/25/2021","0.915800","0.919650","0.919850","0.915400","79.07K","-0.40%"
"03/24/2021","0.919500","0.920750","0.922150","0.917800","92.62K","-0.13%"
"03/23/2021","0.920700","0.918750","0.922500","0.918400","87.83K","0.23%"
"03/22/2021","0.918600","0.918550","0.921550","0.917800","73.32K","0.03%"
"03/19/2021","0.918300","0.918400","0.920750","0.916350","91.22K","0.01%"
"03/18/2021","0.918200","0.918750","0.920600","0.914850","101.39K","-0.05%"
"03/17/2021","0.918700","0.917450","0.919600","0.914650","84.00K","0.15%"
"03/16/2021","0.917300","0.916350","0.919400","0.914950","75.18K","0.11%"
"03/15/2021","0.916300","0.916850","0.918200","0.914300","90.46K","-0.10%"
"03/12/2021","0.917200","0.921600","0.921750","0.916000","106.75K","-0.47%"
"03/11/2021","0.921500","0.922550","0.922900","0.918950","102.37K","-0.12%"
"03/10/2021","0.922600","0.921900","0.923050","0.918050","105.26K","0.10%"
"03/09/2021","0.921700","0.918350","0.922400","0.915350","118.25K","0.38%"
"03/08/2021","0.918200","0.922450","0.923650","0.917850","101.31K","-0.50%"
"03/05/2021","0.922800","0.926150","0.927500","0.920450","106.16K","-0.36%"
"03/04/2021","0.926100","0.934600","0.934900","0.926000","111.42K","-0.89%"
"03/03/2021","0.934400","0.937350","0.937450","0.933200","102.49K","-0.31%"
"03/02/2021","0.937300","0.936650","0.937500","0.934900","103.13K","0.07%"
"03/01/2021","0.936600","0.938400","0.940200","0.935550","115.88K","-0.15%"
"02/26/2021","0.938000","0.941400","0.944700","0.937200","126.05K","-0.35%"
"02/25/2021","0.941300","0.944450","0.944900","0.939750","144.72K","-0.33%"
"02/24/2021","0.944400","0.950050","0.950700","0.942350","117.13K","-0.60%"
"02/23/2021","0.950100","0.951700","0.953100","0.948450","108.47K","-0.16%"
"02/22/2021","0.951600","0.948650","0.952600","0.944700","96.93K","0.36%"
"02/19/2021","0.948200","0.946150","0.950250","0.945550","112.36K","0.21%"
"02/18/2021","0.946200","0.944500","0.947000","0.943950","118.45K","0.17%"
"02/17/2021","0.944600","0.943050","0.945350","0.941400","152.24K","0.17%"
"02/16/2021","0.943000","0.948900","0.950800","0.942750","130.72K","-0.62%"
"02/15/2021","0.948900","0.952450","0.953050","0.948550","95.86K","-0.40%"
"02/12/2021","0.952700","0.954550","0.954850","0.950700","103.59K","-0.21%"
"02/11/2021","0.954700","0.956150","0.956500","0.954100","112.77K","-0.13%"
"02/10/2021","0.955900","0.956050","0.957800","0.953750","139.97K","-0.01%"
"02/09/2021","0.956000","0.950350","0.956950","0.949900","119.26K","0.60%"
"02/08/2021","0.950300","0.948900","0.951000","0.946250","100.18K","0.15%"
"02/05/2021","0.948900","0.947650","0.949400","0.945400","112.27K","0.17%"
"02/04/2021","0.947300","0.952200","0.952650","0.947200","101.61K","-0.49%"
"02/03/2021","0.952000","0.952600","0.953150","0.951350","89.15K","-0.04%"
"02/02/2021","0.952400","0.953050","0.953950","0.950700","111.45K","-0.05%"
"02/01/2021","0.952900","0.955350","0.955950","0.952000","105.88K","-0.22%"
"01/29/2021","0.955000","0.959350","0.959550","0.952800","131.04K","-0.45%"
"01/28/2021","0.959300","0.960550","0.961050","0.957200","123.87K","-0.11%"
"01/27/2021","0.960400","0.965150","0.965450","0.959650","117.86K","-0.48%"
"01/26/2021","0.965000","0.964000","0.965700","0.963050","92.44K","0.13%"
"01/25/2021","0.963700","0.963450","0.964650","0.962050","105.26K","0.03%"
"01/22/2021","0.963400","0.966350","0.966450","0.962500","126.36K","-0.27%"
"01/21/2021","0.966000","0.965850","0.967900","0.964600","135.40K","0.04%"
"01/20/2021","0.965600","0.962450","0.966750","0.962000","128.88K","0.32%"
"01/19/2021","0.962500","0.964450","0.964800","0.960650","127.71K","-0.19%"
"01/18/2021","0.964300","0.963750","0.965000","0.962100","120.80K","0.19%"
"01/15/2021","0.962500","0.963350","0.965150","0.962300","130.41K","-0.07%"
"01/14/2021","0.963200","0.962500","0.965600","0.959650","139.19K","0.06%"
"01/13/2021","0.962600","0.963800","0.965950","0.961500","141.88K","-0.11%"
"01/12/2021","0.963700","0.959100","0.964100","0.958350","133.16K","0.49%"
"01/11/2021","0.959000","0.962500","0.963050","0.957800","118.32K","-0.30%"
"01/08/2021","0.961900","0.963550","0.965200","0.960650","113.68K","-0.12%"
"01/07/2021","0.963100","0.970550","0.971350","0.961850","123.62K","-0.73%"
"01/06/2021","0.970200","0.973350","0.974800","0.966650","109.43K","-0.33%"
"01/05/2021","0.973400","0.969650","0.974700","0.969050","111.82K","0.39%"
"01/04/2021","0.969600","0.969250","0.973650","0.967900","91.14K","0.13%"
"12/31/2020","0.968300","0.969150","0.971000","0.967850","116.02K","-0.07%"
"12/30/2020","0.969000","0.965400","0.971250","0.965200","119.19K","0.38%"
"12/29/2020","0.965300","0.963150","0.966600","0.962950","94.32K","0.21%"
"12/28/2020","0.963300","0.965850","0.967150","0.962500","79.56K","-0.29%"
"12/25/2020","0.966100","0.964850","0.967200","0.964400","15.02K","0.15%"
"12/24/2020","0.964700","0.965450","0.966200","0.963700","108.36K","-0.07%"
"12/23/2020","0.965400","0.964850","0.967550","0.964700","112.89K","0.07%"
"12/22/2020","0.964700","0.968000","0.968250","0.963900","116.35K","-0.32%"
"12/21/2020","0.967800","0.967350","0.968550","0.962550","115.76K","0.01%"
"12/18/2020","0.967700","0.969700","0.969950","0.965250","121.32K","-0.20%"
"12/17/2020","0.969600","0.966250","0.972050","0.965550","122.74K","0.36%"
"12/16/2020","0.966100","0.964600","0.968400","0.962300","112.91K","0.18%"
"12/15/2020","0.964400","0.961150","0.965250","0.960100","77.44K","0.35%"
"12/14/2020","0.961000","0.961500","0.966100","0.960450","82.16K","-0.02%"
"12/11/2020","0.961200","0.959550","0.963200","0.958900","94.55K","0.19%"
"12/10/2020","0.959400","0.959350","0.960000","0.956100","86.55K","0.01%"
"12/09/2020","0.959300","0.960050","0.961100","0.957700","82.37K","-0.06%"
"12/08/2020","0.959900","0.960850","0.962000","0.959500","90.97K","-0.11%"
"12/07/2020","0.961000","0.960300","0.962350","0.958550","90.46K","0.10%"
"12/04/2020","0.960000","0.963000","0.964000","0.959150","101.84K","-0.29%"
"12/03/2020","0.962800","0.957750","0.964650","0.956550","108.03K","0.55%"
"12/02/2020","0.957500","0.958550","0.959500","0.954550","111.08K","-0.08%"
"12/01/2020","0.958300","0.958650","0.959900","0.956100","104.02K","-0.05%"
"11/30/2020","0.958800","0.960950","0.963150","0.957750","96.76K","-0.16%"
"11/27/2020","0.960300","0.959050","0.962450","0.958850","103.09K","0.15%"
"11/26/2020","0.958900","0.957300","0.959600","0.957050","113.20K","0.19%"
"11/25/2020","0.957100","0.957550","0.959150","0.955950","123.94K","-0.02%"
"11/24/2020","0.957300","0.956450","0.960200","0.954500","129.46K","0.10%"
"11/23/2020","0.956300","0.963150","0.964500","0.955550","111.74K","-0.68%"
"11/20/2020","0.962800","0.963950","0.964300","0.962350","110.19K","-0.11%"
"11/19/2020","0.963900","0.963250","0.964150","0.959450","125.22K","0.10%"
"11/18/2020","0.962900","0.959550","0.964850","0.959450","114.65K","0.35%"
"11/17/2020","0.959500","0.956200","0.960950","0.955750","117.24K","0.36%"
"11/16/2020","0.956100","0.953450","0.958250","0.951100","104.52K","0.05%"
"11/13/2020","0.955600","0.951150","0.956400","0.950850","116.21K","0.47%"
"11/12/2020","0.951100","0.948550","0.951800","0.948000","128.67K","0.28%"
"11/11/2020","0.948400","0.949700","0.952400","0.946150","119.44K","-0.11%"
"11/10/2020","0.949400","0.949000","0.954250","0.947850","135.54K","0.05%"
"11/09/2020","0.948900","0.967650","0.969050","0.946450","128.84K","-1.90%"
"11/06/2020","0.967300","0.966350","0.969300","0.963700","136.87K","0.13%"
"11/05/2020","0.966000","0.956450","0.966750","0.956350","128.02K","0.99%"
"11/04/2020","0.956500","0.957150","0.960200","0.949200","138.46K","-0.04%"
"11/03/2020","0.956900","0.955050","0.957550","0.954050","102.09K","0.23%"
"11/02/2020","0.954700","0.956250","0.956600","0.952750","86.26K","-0.07%"
"10/30/2020","0.955400","0.955700","0.960400","0.954650","100.46K","-0.03%"
"10/29/2020","0.955700","0.958650","0.961300","0.954750","98.92K","-0.30%"
"10/28/2020","0.958600","0.957750","0.960500","0.956350","113.47K","0.13%"
"10/27/2020","0.957400","0.953850","0.958000","0.953300","92.89K","0.38%"
"10/26/2020","0.953800","0.954700","0.955600","0.951800","87.18K","-0.12%"
"10/23/2020","0.954900","0.953800","0.956550","0.952850","102.77K","0.13%"
"10/22/2020","0.953700","0.956150","0.957250","0.953000","108.46K","-0.24%"
"10/21/2020","0.956000","0.947900","0.958450","0.947600","110.47K","0.88%"
"10/20/2020","0.947700","0.948450","0.948850","0.945550","103.68K","-0.06%"
"10/19/2020","0.948300","0.948800","0.949700","0.947750","76.83K","-0.01%"
"10/16/2020","0.948400","0.948250","0.950700","0.948200","76.22K","0.03%"
"10/15/2020","0.948100","0.951150","0.951550","0.947850","85.90K","-0.28%"
"10/14/2020","0.950800","0.947900","0.952050","0.947600","86.39K","0.30%"
"10/13/2020","0.948000","0.949350","0.949900","0.946600","104.43K","-0.15%"
"10/12/2020","0.949400","0.946050","0.950250","0.944400","94.41K","0.27%"
"10/09/2020","0.946800","0.943100","0.947200","0.942950","102.15K","0.40%"
"10/08/2020","0.943000","0.943700","0.944150","0.942400","118.48K","-0.05%"
"10/07/2020","0.943500","0.946650","0.947000","0.942350","122.46K","-0.32%"
"10/06/2020","0.946500","0.945750","0.948150","0.945300","110.77K","0.10%"
"10/05/2020","0.945600","0.949700","0.949800","0.945150","98.49K","-0.40%"
"10/02/2020","0.949400","0.947750","0.952950","0.946250","129.29K","0.20%"
"10/01/2020","0.947500","0.948150","0.948800","0.945550","131.70K","-0.09%"
"09/30/2020","0.948400","0.946650","0.948800","0.945100","113.94K","0.22%"
"09/29/2020","0.946300","0.947850","0.949300","0.945600","101.66K","-0.15%"
"09/28/2020","0.947700","0.947750","0.950000","0.946150","97.36K","0.11%"
"09/25/2020","0.946700","0.948650","0.950250","0.946000","115.24K","-0.19%"
"09/24/2020","0.948500","0.948750","0.950600","0.947500","116.37K","-0.03%"
"09/23/2020","0.948800","0.952950","0.953350","0.947850","123.38K","-0.44%"
"09/22/2020","0.953000","0.955550","0.957850","0.951550","101.64K","-0.26%"
"09/21/2020","0.955500","0.957450","0.961500","0.953800","97.66K","-0.05%"
"09/18/2020","0.956000","0.954750","0.959100","0.953550","110.05K","0.14%"
"09/17/2020","0.954700","0.952800","0.956750","0.950750","119.93K","0.21%"
"09/16/2020","0.952700","0.948400","0.954250","0.948300","101.85K","0.44%"
"09/15/2020","0.948500","0.945850","0.949700","0.944900","77.56K","0.30%"
"09/14/2020","0.945700","0.941950","0.947450","0.941500","60.72K","0.42%"
"09/11/2020","0.941700","0.942300","0.942900","0.940900","78.63K","-0.05%"
"09/10/2020","0.942200","0.941550","0.943600","0.940700","84.95K","0.06%"
"09/09/2020","0.941600","0.943150","0.945350","0.940800","89.01K","-0.15%"
"09/08/2020","0.943000","0.940750","0.944650","0.939900","81.63K","0.22%"
"09/07/2020","0.940900","0.940950","0.942300","0.939900","73.93K","-0.02%"
"09/04/2020","0.941100","0.941950","0.942900","0.938900","85.70K","-0.04%"
"09/03/2020","0.941500","0.941750","0.943400","0.938400","90.19K","-0.02%"
"09/02/2020","0.941700","0.943700","0.944750","0.940600","93.13K","-0.21%"
"09/01/2020","0.943700","0.944050","0.947050","0.942000","96.53K","-0.04%"
"08/31/2020","0.944100","0.949150","0.949700","0.942500","96.31K","-0.52%"
"08/28/2020","0.949000","0.938400","0.950650","0.934950","112.38K","1.14%"
"08/27/2020","0.938300","0.943500","0.946950","0.937050","101.30K","-0.54%"
"08/26/2020","0.943400","0.940050","0.943850","0.938450","88.70K","0.38%"
"08/25/2020","0.939800","0.943600","0.944600","0.938200","92.67K","-0.38%"
"08/24/2020","0.943400","0.944600","0.946200","0.943300","84.25K","-0.18%"
"08/21/2020","0.945100","0.945300","0.948450","0.942650","100.19K","0.01%"
"08/20/2020","0.945000","0.942400","0.945700","0.941400","105.98K","0.30%"
"08/19/2020","0.942200","0.948450","0.951500","0.942050","102.03K","-0.67%"
"08/18/2020","0.948600","0.943350","0.949850","0.942750","93.87K","0.57%"
"08/17/2020","0.943200","0.937850","0.943900","0.937500","84.35K","0.57%"
"08/14/2020","0.937900","0.935400","0.939550","0.934200","81.05K","0.30%"
"08/13/2020","0.935100","0.935600","0.938450","0.934050","89.47K","-0.01%"
"08/12/2020","0.935200","0.938850","0.939500","0.934350","83.63K","-0.40%"
"08/11/2020","0.939000","0.943750","0.944100","0.937200","86.33K","-0.50%"
"08/10/2020","0.943700","0.943800","0.946050","0.941550","74.36K","-0.02%"
"08/07/2020","0.943900","0.947750","0.948100","0.942850","88.28K","-0.36%"
"08/06/2020","0.947300","0.947200","0.949700","0.946000","92.21K","0.03%"
"08/05/2020","0.947000","0.945900","0.949550","0.944450","95.90K","0.14%"
"08/04/2020","0.945700","0.943800","0.946650","0.941550","92.61K","0.21%"
"08/03/2020","0.943700","0.944450","0.947200","0.939150","106.58K","-0.08%"
"07/31/2020","0.944500","0.955050","0.959900","0.942850","112.26K","-1.07%"
"07/30/2020","0.954700","0.953100","0.955300","0.949650","111.13K","0.18%"
"07/29/2020","0.953000","0.951600","0.954550","0.950100","101.81K","0.17%"
"07/28/2020","0.951400","0.949050","0.952800","0.946100","102.41K","0.26%"
"07/27/2020","0.948900","0.943650","0.951350","0.941600","109.80K","0.73%"
"07/24/2020","0.942000","0.935750","0.946300","0.935350","106.56K","0.68%"
"07/23/2020","0.935600","0.933250","0.937150","0.932500","87.62K","0.26%"
"07/22/2020","0.933200","0.936550","0.937100","0.932000","92.27K","-0.32%"
"07/21/2020","0.936200","0.932350","0.937400","0.931250","88.80K","0.43%"
"07/20/2020","0.932200","0.933650","0.934500","0.930000","87.54K","-0.24%"
"07/17/2020","0.934400","0.932250","0.935150","0.931350","88.61K","0.25%"
"07/16/2020","0.932100","0.935150","0.936100","0.931000","95.79K","-0.32%"
"07/15/2020","0.935100","0.932600","0.937550","0.931850","94.87K","0.30%"
"07/14/2020","0.932300","0.932050","0.933550","0.930750","92.47K","0.03%"
"07/13/2020","0.932000","0.935400","0.936500","0.931700","88.78K","-0.35%"
"07/10/2020","0.935300","0.932800","0.937750","0.932200","94.38K","0.29%"
"07/09/2020","0.932600","0.931950","0.933750","0.931000","102.65K","0.04%"
"07/08/2020","0.932200","0.930050","0.932850","0.928350","89.90K","0.24%"
"07/07/2020","0.930000","0.931550","0.932550","0.927650","97.86K","-0.14%"
"07/06/2020","0.931300","0.930200","0.932350","0.927800","97.59K","0.13%"
"07/03/2020","0.930100","0.930250","0.930850","0.929550","92.52K","0.00%"
"07/02/2020","0.930100","0.930500","0.931700","0.928150","110.50K","-0.02%"
"07/01/2020","0.930300","0.926500","0.931450","0.924500","110.04K","0.42%"
"06/30/2020","0.926400","0.929650","0.930050","0.925950","118.33K","-0.33%"
"06/29/2020","0.929500","0.932850","0.934200","0.926800","103.74K","-0.32%"
"06/26/2020","0.932500","0.932550","0.936350","0.931350","111.81K","-0.02%"
"06/25/2020","0.932700","0.934250","0.934700","0.930550","116.50K","-0.15%"
"06/24/2020","0.934100","0.938800","0.940050","0.933900","120.97K","-0.48%"
"06/23/2020","0.938600","0.935400","0.942800","0.932550","116.14K","0.33%"
"06/22/2020","0.935500","0.935400","0.936700","0.934400","109.75K","0.00%"
"06/19/2020","0.935500","0.934800","0.936650","0.933950","112.75K","0.09%"
"06/18/2020","0.934700","0.934550","0.937500","0.933350","122.15K","0.02%"
"06/17/2020","0.934500","0.931550","0.935000","0.930650","118.72K","0.32%"
"06/16/2020","0.931500","0.931650","0.932750","0.929000","117.11K","-0.02%"
"06/15/2020","0.931700","0.931650","0.934650","0.929550","105.84K","0.03%"
"06/12/2020","0.931400","0.935650","0.938250","0.929700","135.09K","-0.46%"
"06/11/2020","0.935700","0.933450","0.938300","0.932500","127.71K","0.24%"
"06/10/2020","0.933500","0.928200","0.934700","0.926900","121.36K","0.58%"
"06/09/2020","0.928100","0.922150","0.929250","0.921200","116.04K","0.64%"
"06/08/2020","0.922200","0.911700","0.923900","0.911600","100.66K","1.07%"
"06/05/2020","0.912400","0.916300","0.917100","0.910250","118.37K","-0.43%"
"06/04/2020","0.916300","0.918300","0.920700","0.915750","119.90K","-0.21%"
"06/03/2020","0.918200","0.920100","0.922400","0.917450","128.68K","-0.20%"
"06/02/2020","0.920000","0.929450","0.930200","0.919300","119.57K","-1.01%"
"06/01/2020","0.929400","0.928200","0.931300","0.927100","104.03K","0.22%"
"05/29/2020","0.927400","0.929000","0.933950","0.926750","122.88K","-0.14%"
"05/28/2020","0.928700","0.928300","0.929600","0.926750","123.89K","0.05%"
"05/27/2020","0.928200","0.929950","0.931450","0.926250","114.76K","-0.15%"
"05/26/2020","0.929600","0.928450","0.931100","0.926500","106.19K","0.14%"
"05/25/2020","0.928300","0.929500","0.929700","0.927750","81.22K","-0.06%"
"05/22/2020","0.928900","0.929350","0.931800","0.927900","105.24K","-0.02%"
"05/21/2020","0.929100","0.930250","0.930450","0.927150","98.25K","-0.09%"
"05/20/2020","0.929900","0.928450","0.931700","0.926000","108.13K","0.18%"
"05/19/2020","0.928200","0.931550","0.932000","0.925150","111.81K","-0.36%"
"05/18/2020","0.931600","0.933850","0.934250","0.930100","94.51K","-0.27%"
"05/15/2020","0.934100","0.932350","0.935900","0.930700","108.83K","0.20%"
"05/14/2020","0.932200","0.934250","0.936600","0.931250","117.86K","-0.21%"
"05/13/2020","0.934200","0.933650","0.936900","0.932150","121.86K","0.11%"
"05/12/2020","0.933200","0.928650","0.933500","0.928450","122.81K","0.50%"
"05/11/2020","0.928600","0.937750","0.938650","0.927800","","-0.94%"
"05/08/2020","0.937400","0.940850","0.941450","0.936750","","-0.35%"
"05/07/2020","0.940700","0.942450","0.943500","0.937450","","-0.13%"
"05/06/2020","0.941900","0.938500","0.943600","0.937750","","0.43%"
"05/05/2020","0.937900","0.936550","0.939700","0.935350","","0.13%"
"05/04/2020","0.936700","0.936100","0.937800","0.933900","","0.16%"
"05/01/2020","0.935200","0.932950","0.938100","0.931000","","0.26%"
"04/30/2020","0.932800","0.937050","0.939800","0.930150","","-0.44%"
"04/29/2020","0.936900","0.935650","0.940250","0.935450","","0.15%"
"04/28/2020","0.935500","0.932600","0.938500","0.931500","","0.33%"
"04/27/2020","0.932400","0.930350","0.934700","0.929050","","0.26%"
"04/24/2020","0.930000","0.929500","0.931350","0.927950","","0.08%"
"04/23/2020","0.929300","0.928000","0.931600","0.925550","","0.15%"
"04/22/2020","0.927900","0.927500","0.930150","0.926400","","0.02%"
"04/21/2020","0.927700","0.929150","0.932200","0.926800","","-0.14%"
"04/20/2020","0.929000","0.929000","0.930350","0.926250","","-0.10%"
"04/17/2020","0.929900","0.926300","0.932000","0.925200","","0.40%"
"04/16/2020","0.926200","0.930350","0.933150","0.925050","","-0.43%"
"04/15/2020","0.930200","0.932700","0.935250","0.927100","","-0.26%"
"04/14/2020","0.932600","0.927850","0.934800","0.927600","","0.53%"
"04/13/2020","0.927700","0.921350","0.930200","0.921350","","0.62%"
"04/10/2020","0.922000","0.921350","0.923150","0.920750","","0.03%"
"04/09/2020","0.921700","0.918900","0.924150","0.916850","","0.32%"
"04/08/2020","0.918800","0.919850","0.921650","0.916550","","-0.08%"
"04/07/2020","0.919500","0.915450","0.920250","0.915050","","0.46%"
"04/06/2020","0.915300","0.922200","0.922950","0.914150","","-0.71%"
"04/03/2020","0.921800","0.926650","0.927650","0.920050","","-0.51%"
"04/02/2020","0.926500","0.933100","0.934450","0.925000","","-0.69%"
"04/01/2020","0.932900","0.929850","0.935350","0.926350","","0.34%"
"03/31/2020","0.929700","0.927850","0.930650","0.919650","","0.26%"
"03/30/2020","0.927300","0.926850","0.933550","0.923250","","0.08%"
"03/27/2020","0.926600","0.912450","0.928050","0.911450","","1.57%"
"03/26/2020","0.912300","0.899250","0.915700","0.898300","","1.48%"
"03/25/2020","0.899000","0.899150","0.902950","0.895300","","0.00%"
"03/24/2020","0.899000","0.899150","0.908450","0.895050","","0.00%"
"03/23/2020","0.899000","0.900600","0.911850","0.895950","","-0.37%"
"03/20/2020","0.902300","0.903200","0.914850","0.896700","","-0.09%"
"03/19/2020","0.903100","0.925350","0.926900","0.901200","","-2.39%"
"03/18/2020","0.925200","0.928650","0.936750","0.920200","","-0.36%"
"03/17/2020","0.928500","0.944600","0.944600","0.927050","","-1.69%"
"03/16/2020","0.944500","0.926500","0.951050","0.926500","","1.95%"
"03/13/2020","0.926400","0.955700","0.956950","0.921600","","-3.05%"
"03/12/2020","0.955500","0.956350","0.969950","0.942550","","-0.08%"
"03/11/2020","0.956300","0.946450","0.960600","0.946200","","1.05%"
"03/10/2020","0.946400","0.976800","0.980350","0.944000","","-3.11%"
"03/09/2020","0.976800","0.953250","0.988250","0.953050","","2.89%"
"03/06/2020","0.949400","0.941950","0.952500","0.940250","","0.80%"
"03/05/2020","0.941900","0.929900","0.943650","0.928100","","1.30%"
"03/04/2020","0.929800","0.933450","0.935900","0.928600","","-0.38%"
"03/03/2020","0.933300","0.923250","0.935100","0.921250","","1.10%"
"03/02/2020","0.923100","0.931150","0.934700","0.921000","","-0.22%"
"02/28/2020","0.925100","0.912450","0.930200","0.911650","","1.40%"
"02/27/2020","0.912300","0.905600","0.912650","0.905250","","0.74%"
"02/26/2020","0.905600","0.907450","0.908000","0.903250","","-0.19%"
"02/25/2020","0.907300","0.903200","0.910050","0.900500","","0.48%"
"02/24/2020","0.903000","0.896100","0.906400","0.894650","","0.77%"
"02/21/2020","0.896100","0.891950","0.897050","0.891350","","0.49%"
"02/20/2020","0.891700","0.897900","0.900000","0.891050","","-0.68%"
"02/19/2020","0.897800","0.910150","0.910350","0.896100","","-1.34%"
"02/18/2020","0.910000","0.910050","0.911950","0.909500","","0.00%"
"02/17/2020","0.910000","0.910950","0.911400","0.909300","","-0.11%"
"02/14/2020","0.911000","0.910600","0.911600","0.909850","","0.04%"
"02/13/2020","0.910600","0.908200","0.912300","0.908200","","0.25%"
"02/12/2020","0.908300","0.910850","0.911000","0.907900","","-0.26%"
"02/11/2020","0.910700","0.910950","0.911350","0.909350","","-0.01%"
"02/10/2020","0.910800","0.910350","0.912750","0.910100","","-0.04%"
"02/07/2020","0.911200","0.909150","0.913000","0.908850","","0.23%"
"02/06/2020","0.909100","0.910550","0.911400","0.909050","","-0.15%"
"02/05/2020","0.910500","0.913050","0.914900","0.910300","","-0.26%"
"02/04/2020","0.912900","0.920100","0.921200","0.912800","","-0.77%"
"02/03/2020","0.920000","0.922400","0.923250","0.919050","","-0.26%"
"01/31/2020","0.922400","0.917750","0.923250","0.916250","","0.52%"
"01/30/2020","0.917600","0.917300","0.920950","0.916850","","0.03%"
"01/29/2020","0.917300","0.916250","0.917650","0.915150","","0.13%"
"01/28/2020","0.916100","0.918300","0.919500","0.915700","","-0.24%"
"01/27/2020","0.918300","0.917000","0.919700","0.916200","","0.35%"
"01/24/2020","0.915100","0.913300","0.916000","0.911900","","0.21%"
"01/23/2020","0.913200","0.910400","0.915200","0.910150","","0.32%"
"01/22/2020","0.910300","0.910200","0.910600","0.908250","","0.03%"
"01/21/2020","0.910000","0.907550","0.911100","0.907250","","0.28%"
"01/20/2020","0.907500","0.907800","0.908800","0.907250","","-0.02%"
"01/17/2020","0.907700","0.908000","0.908700","0.906700","","0.00%"
"01/16/2020","0.907700","0.909950","0.910300","0.907500","","-0.23%"
"01/15/2020","0.909800","0.909200","0.910850","0.908900","","0.08%"
"01/14/2020","0.909100","0.909600","0.910300","0.907300","","-0.04%"
"01/13/2020","0.909500","0.913350","0.913700","0.909500","","-0.42%"
"01/10/2020","0.913300","0.913100","0.913800","0.911600","","0.03%"
"01/09/2020","0.913000","0.916300","0.917350","0.912550","","-0.35%"
"01/08/2020","0.916200","0.922400","0.929000","0.915300","","-0.66%"
"01/07/2020","0.922300","0.922750","0.923700","0.920500","","-0.03%"
"01/06/2020","0.922600","0.925900","0.927950","0.921600","","-0.26%"
"01/03/2020","0.925000","0.921050","0.927400","0.920500","","0.43%"
"01/02/2020","0.921000","0.919500","0.924100","0.918500","","0.12%"
"01/01/2020","0.919900","0.920600","0.920750","0.919500","","-0.07%"
"12/31/2019","0.920500","0.918450","0.921900","0.918350","","0.23%"
"12/30/2019","0.918400","0.913450","0.919550","0.913150","","0.51%"
"12/27/2019","0.913700","0.912450","0.914150","0.912100","","0.19%"
"12/26/2019","0.912000","0.914550","0.914750","0.911650","","-0.26%"
"12/25/2019","0.914400","0.914150","0.915050","0.910700","","0.03%"
"12/24/2019","0.914100","0.914100","0.914700","0.913700","","0.01%"
"12/23/2019","0.914000","0.914050","0.914600","0.912850","","0.03%"
"12/20/2019","0.913700","0.914350","0.915300","0.913000","","-0.05%"
"12/19/2019","0.914200","0.912800","0.915900","0.911700","","0.14%"
"12/18/2019","0.912900","0.913200","0.914100","0.912100","","-0.04%"
"12/17/2019","0.913300","0.912950","0.913750","0.912050","","0.02%"
"12/16/2019","0.913100","0.914250","0.915350","0.911750","","-0.12%"
"12/13/2019","0.914200","0.914850","0.915750","0.911500","","-0.05%"
"12/12/2019","0.914700","0.921150","0.922050","0.913650","","-0.69%"
"12/11/2019","0.921100","0.919750","0.921950","0.918650","","0.14%"
"12/10/2019","0.919800","0.921150","0.921550","0.919400","","-0.14%"
"12/09/2019","0.921100","0.920100","0.922300","0.920100","","0.05%"
"12/06/2019","0.920600","0.919450","0.921500","0.918100","","0.13%"
"12/05/2019","0.919400","0.918550","0.920400","0.917400","","0.11%"
"12/04/2019","0.918400","0.920550","0.922300","0.917700","","-0.22%"
"12/03/2019","0.920400","0.917750","0.921800","0.915700","","0.34%"
"12/02/2019","0.917300","0.912950","0.918050","0.911300","","0.46%"
"11/29/2019","0.913100","0.913100","0.914100","0.911800","","0.01%"
"11/28/2019","0.913000","0.912850","0.914650","0.912600","","0.03%"
"11/27/2019","0.912700","0.917150","0.917350","0.912300","","-0.46%"
"11/26/2019","0.916900","0.918050","0.918500","0.915700","","-0.12%"
"11/25/2019","0.918000","0.919950","0.920500","0.917600","","-0.24%"
"11/22/2019","0.920200","0.920450","0.921900","0.919650","","-0.01%"
"11/21/2019","0.920300","0.920700","0.923500","0.919900","","-0.03%"
"11/20/2019","0.920600","0.921300","0.922950","0.919550","","-0.05%"
"11/19/2019","0.921100","0.920150","0.922100","0.918650","","0.12%"
"11/18/2019","0.920000","0.918900","0.921600","0.916800","","0.07%"
"11/15/2019","0.919400","0.922450","0.922750","0.918600","","-0.30%"
"11/14/2019","0.922200","0.918800","0.923900","0.918500","","0.37%"
"11/13/2019","0.918800","0.917450","0.920400","0.916150","","0.17%"
"11/12/2019","0.917200","0.916900","0.918050","0.914900","","0.04%"
"11/11/2019","0.916800","0.915800","0.918300","0.915250","","0.20%"
"11/08/2019","0.915000","0.915100","0.916800","0.913350","","0.01%"
"11/07/2019","0.914900","0.917650","0.920400","0.913300","","-0.28%"
"11/06/2019","0.917500","0.916150","0.919000","0.915800","","0.15%"
"11/05/2019","0.916100","0.921050","0.921200","0.915300","","-0.52%"
"11/04/2019","0.920900","0.924350","0.924450","0.920350","","-0.36%"
"11/01/2019","0.924200","0.925350","0.926900","0.923100","","-0.14%"
"10/31/2019","0.925500","0.918800","0.926550","0.918250","","0.75%"
"10/30/2019","0.918600","0.918400","0.919850","0.914950","","0.03%"
"10/29/2019","0.918300","0.917800","0.919400","0.916800","","0.07%"
"10/28/2019","0.917700","0.920250","0.920350","0.917050","","-0.26%"
"10/25/2019","0.920100","0.920600","0.921600","0.919300","","-0.05%"
"10/24/2019","0.920600","0.920100","0.921700","0.919450","","0.08%"
"10/23/2019","0.919900","0.921750","0.923850","0.919900","","-0.20%"
"10/22/2019","0.921700","0.920700","0.922200","0.919650","","0.12%"
"10/21/2019","0.920600","0.921850","0.923400","0.920200","","-0.17%"
"10/18/2019","0.922200","0.920250","0.922650","0.919650","","0.23%"
"10/17/2019","0.920100","0.919400","0.921950","0.917900","","0.10%"
"10/16/2019","0.919200","0.918600","0.921100","0.918500","","0.08%"
"10/15/2019","0.918500","0.922550","0.924650","0.918300","","-0.41%"
"10/14/2019","0.922300","0.922950","0.925650","0.921400","","0.00%"
"10/11/2019","0.922300","0.926050","0.927250","0.920650","","-0.40%"
"10/10/2019","0.926000","0.930450","0.934300","0.925750","","-0.46%"
"10/09/2019","0.930300","0.933850","0.935200","0.929100","","-0.36%"
"10/08/2019","0.933700","0.932000","0.936300","0.930700","","0.19%"
"10/07/2019","0.931900","0.934950","0.938400","0.930550","","-0.32%"
"10/04/2019","0.934900","0.935350","0.937700","0.933400","","-0.03%"
"10/03/2019","0.935200","0.933000","0.939150","0.931950","","0.25%"
"10/02/2019","0.932900","0.928200","0.934200","0.926800","","0.54%"
"10/01/2019","0.927900","0.925250","0.929150","0.921900","","0.29%"
"09/30/2019","0.925200","0.926650","0.928150","0.924350","","-0.13%"
"09/27/2019","0.926400","0.927400","0.928900","0.924300","","-0.09%"
"09/26/2019","0.927200","0.927850","0.930900","0.926250","","-0.05%"
"09/25/2019","0.927700","0.934000","0.934650","0.926900","","-0.66%"
"09/24/2019","0.933900","0.929750","0.934900","0.927700","","0.45%"
"09/23/2019","0.929700","0.930050","0.931900","0.927850","","0.02%"
"09/20/2019","0.929500","0.925800","0.930000","0.925150","","0.41%"
"09/19/2019","0.925700","0.922050","0.927750","0.921850","","0.41%"
"09/18/2019","0.921900","0.924850","0.925250","0.921800","","-0.29%"
"09/17/2019","0.924600","0.924950","0.925750","0.922700","","0.00%"
"09/16/2019","0.924600","0.928900","0.930450","0.924500","","-0.05%"
"09/13/2019","0.925100","0.925100","0.926650","0.923600","","0.02%"
"09/12/2019","0.924900","0.927350","0.930100","0.924300","","-0.26%"
"09/11/2019","0.927300","0.929850","0.930200","0.927100","","-0.26%"
"09/10/2019","0.929700","0.932450","0.933000","0.929450","","-0.28%"
"09/09/2019","0.932300","0.936200","0.936650","0.932200","","-0.31%"
"09/06/2019","0.935200","0.935250","0.937850","0.933650","","0.03%"
"09/05/2019","0.934900","0.940150","0.940550","0.932600","","-0.52%"
"09/04/2019","0.939800","0.943950","0.944900","0.939450","","-0.42%"
"09/03/2019","0.943800","0.941450","0.945750","0.939900","","0.25%"
"09/02/2019","0.941400","0.941250","0.944000","0.939700","","0.09%"
"08/30/2019","0.940600","0.938950","0.942450","0.938500","","0.20%"
"08/29/2019","0.938700","0.942300","0.944900","0.937350","","-0.37%"
"08/28/2019","0.942200","0.945650","0.946500","0.941350","","-0.36%"
"08/27/2019","0.945600","0.942050","0.947050","0.941850","","0.37%"
"08/26/2019","0.942100","0.951150","0.957350","0.939800","","-0.69%"
"08/23/2019","0.948600","0.939550","0.950050","0.936800","","0.98%"
"08/22/2019","0.939400","0.937850","0.941200","0.937600","","0.18%"
"08/21/2019","0.937700","0.941400","0.941450","0.937650","","-0.38%"
"08/20/2019","0.941300","0.937750","0.941850","0.937250","","0.39%"
"08/19/2019","0.937600","0.940450","0.941300","0.937150","","-0.24%"
"08/16/2019","0.939900","0.942300","0.943150","0.939000","","-0.24%"
"08/15/2019","0.942200","0.944150","0.946100","0.936450","","-0.20%"
"08/14/2019","0.944100","0.936900","0.946450","0.936500","","0.79%"
"08/13/2019","0.936700","0.949650","0.951800","0.934750","","-1.35%"
"08/12/2019","0.949500","0.947150","0.951950","0.946050","","0.35%"
"08/09/2019","0.946200","0.942750","0.950000","0.942350","","0.38%"
"08/08/2019","0.942600","0.940950","0.944350","0.940700","","0.19%"
"08/07/2019","0.940800","0.939300","0.947900","0.939100","","0.19%"
"08/06/2019","0.939000","0.943900","0.947700","0.933850","","-0.50%"
"08/05/2019","0.943700","0.938250","0.945300","0.937350","","0.61%"
"08/02/2019","0.938000","0.931550","0.938950","0.929600","","0.71%"
"08/01/2019","0.931400","0.919150","0.932300","0.914750","","1.31%"
"07/31/2019","0.919400","0.920700","0.921750","0.917400","","-0.13%"
"07/30/2019","0.920600","0.919250","0.922100","0.917850","","0.16%"
"07/29/2019","0.919100","0.920000","0.922350","0.918250","","-0.10%"
"07/26/2019","0.920000","0.920500","0.921150","0.918800","","-0.04%"
"07/25/2019","0.920400","0.924350","0.925650","0.919450","","-0.41%"
"07/24/2019","0.924200","0.924000","0.926500","0.923500","","0.04%"
"07/23/2019","0.923800","0.927250","0.927450","0.923450","","-0.33%"
"07/22/2019","0.926900","0.927750","0.928500","0.925300","","-0.14%"
"07/19/2019","0.928200","0.932000","0.932700","0.926150","","-0.40%"
"07/18/2019","0.931900","0.926400","0.932750","0.925700","","0.59%"
"07/17/2019","0.926400","0.923850","0.926450","0.923050","","0.29%"
"07/16/2019","0.923700","0.926650","0.927500","0.922700","","-0.30%"
"07/15/2019","0.926500","0.927000","0.927700","0.924950","","-0.01%"
"07/12/2019","0.926600","0.921700","0.927700","0.920700","","0.54%"
"07/11/2019","0.921600","0.921950","0.927100","0.921350","","-0.03%"
"07/10/2019","0.921900","0.918650","0.922950","0.917450","","0.37%"
"07/09/2019","0.918500","0.919750","0.920150","0.917650","","-0.12%"
"07/08/2019","0.919600","0.922150","0.923500","0.919000","","-0.24%"
"07/05/2019","0.921800","0.927550","0.927800","0.920500","","-0.60%"
"07/04/2019","0.927400","0.927700","0.928450","0.927200","","0.01%"
"07/03/2019","0.927300","0.926850","0.930000","0.926550","","0.06%"
"07/02/2019","0.926700","0.922200","0.928000","0.921800","","0.51%"
"07/01/2019","0.922000","0.925050","0.925100","0.921250","","-0.51%"
"06/28/2019","0.926700","0.927700","0.929700","0.926400","","-0.10%"
"06/27/2019","0.927600","0.927700","0.929000","0.924500","","0.00%"
"06/26/2019","0.927600","0.932950","0.933750","0.927150","","-0.56%"
"06/25/2019","0.932800","0.932050","0.936500","0.930950","","0.10%"
"06/24/2019","0.931900","0.931150","0.932450","0.929900","","0.02%"
"06/21/2019","0.931700","0.931850","0.934150","0.928100","","-0.01%"
"06/20/2019","0.931800","0.925050","0.932700","0.924700","","0.75%"
"06/19/2019","0.924900","0.922050","0.926800","0.920650","","0.33%"
"06/18/2019","0.921900","0.921150","0.925400","0.920100","","0.09%"
"06/17/2019","0.921100","0.922400","0.922400","0.919650","","0.01%"
"06/14/2019","0.921000","0.922700","0.924600","0.920900","","-0.16%"
"06/13/2019","0.922500","0.921650","0.924550","0.921300","","0.11%"
"06/12/2019","0.921500","0.921500","0.924100","0.920950","","0.02%"
"06/11/2019","0.921300","0.922150","0.922900","0.919050","","-0.08%"
"06/10/2019","0.922000","0.921200","0.923150","0.919750","","-0.23%"
"06/07/2019","0.924100","0.922400","0.926950","0.920650","","0.20%"
"06/06/2019","0.922300","0.921950","0.925750","0.921000","","0.05%"
"06/05/2019","0.921800","0.924700","0.927550","0.921700","","-0.30%"
"06/04/2019","0.924600","0.925250","0.927300","0.922800","","-0.06%"
"06/03/2019","0.925200","0.922700","0.926950","0.922050","","0.19%"
"05/31/2019","0.923400","0.912200","0.923600","0.912050","","1.23%"
"05/30/2019","0.912200","0.912450","0.913450","0.909650","","-0.02%"
"05/29/2019","0.912400","0.914300","0.916200","0.911550","","-0.20%"
"05/28/2019","0.914200","0.913200","0.915700","0.912100","","0.13%"
"05/27/2019","0.913000","0.914800","0.915100","0.912450","","-0.19%"
"05/24/2019","0.914700","0.912350","0.915150","0.911150","","0.27%"
"05/23/2019","0.912200","0.906150","0.913650","0.906000","","0.68%"
"05/22/2019","0.906000","0.905050","0.907100","0.903900","","0.13%"
"05/21/2019","0.904800","0.908550","0.908950","0.903450","","-0.40%"
"05/20/2019","0.908400","0.908050","0.910700","0.906400","","0.01%"
"05/17/2019","0.908300","0.910300","0.913300","0.907550","","-0.21%"
"05/16/2019","0.910200","0.912350","0.914650","0.909300","","-0.23%"
"05/15/2019","0.912300","0.912300","0.916200","0.911450","","0.01%"
"05/14/2019","0.912200","0.914950","0.916250","0.910850","","-0.28%"
"05/13/2019","0.914800","0.911050","0.917250","0.910250","","0.58%"
"05/10/2019","0.909500","0.911100","0.913500","0.908650","","-0.13%"
"05/09/2019","0.910700","0.908250","0.913550","0.908000","","0.28%"
"05/08/2019","0.908200","0.907000","0.909900","0.906500","","0.14%"
"05/07/2019","0.906900","0.902750","0.907750","0.902000","","0.48%"
"05/06/2019","0.902600","0.904050","0.906800","0.901200","","0.30%"
"05/03/2019","0.899900","0.896750","0.900400","0.895400","","0.37%"
"05/02/2019","0.896600","0.897800","0.898050","0.895450","","-0.12%"
"05/01/2019","0.897700","0.897450","0.900550","0.895850","","0.04%"
"04/30/2019","0.897300","0.895600","0.899050","0.895200","","0.19%"
"04/29/2019","0.895600","0.896100","0.896650","0.893600","","-0.04%"
"04/26/2019","0.896000","0.895800","0.897450","0.892650","","0.03%"
"04/25/2019","0.895700","0.891400","0.897800","0.890900","","0.49%"
"04/24/2019","0.891300","0.894000","0.895400","0.889600","","-0.28%"
"04/23/2019","0.893800","0.893300","0.895650","0.892500","","0.06%"
"04/22/2019","0.893300","0.893450","0.894050","0.892850","","-0.01%"
"04/19/2019","0.893400","0.893050","0.893800","0.892750","","0.06%"
"04/18/2019","0.892900","0.892400","0.894750","0.892200","","0.08%"
"04/17/2019","0.892200","0.892750","0.893500","0.891450","","-0.06%"
"04/16/2019","0.892700","0.892550","0.894100","0.892350","","0.02%"
"04/15/2019","0.892500","0.892850","0.893800","0.892000","","-0.01%"
"04/12/2019","0.892600","0.895550","0.896200","0.892000","","-0.31%"
"04/11/2019","0.895400","0.900750","0.901700","0.895200","","-0.59%"
"04/10/2019","0.900700","0.899800","0.902200","0.898600","","0.12%"
"04/09/2019","0.899600","0.897000","0.901100","0.896200","","0.30%"
"04/08/2019","0.896900","0.895150","0.898650","0.894500","","0.22%"
"04/05/2019","0.894900","0.895600","0.896150","0.894250","","-0.06%"
"04/04/2019","0.895400","0.897000","0.898200","0.895350","","-0.17%"
"04/03/2019","0.896900","0.898250","0.899300","0.896200","","-0.13%"
"04/02/2019","0.898100","0.898100","0.898900","0.897150","","0.02%"
"04/01/2019","0.897900","0.902500","0.902500","0.897250","","-0.45%"
"03/29/2019","0.902000","0.903900","0.904700","0.901250","","-0.20%"
"03/28/2019","0.903800","0.904850","0.908900","0.902250","","-0.10%"
"03/27/2019","0.904700","0.903850","0.907200","0.903200","","0.10%"
"03/26/2019","0.903800","0.909300","0.909650","0.903400","","-0.60%"
"03/25/2019","0.909300","0.910300","0.911500","0.907050","","-0.03%"
"03/22/2019","0.909600","0.902400","0.911250","0.901700","","0.81%"
"03/21/2019","0.902300","0.903200","0.906700","0.901200","","-0.11%"
"03/20/2019","0.903300","0.897700","0.904700","0.895250","","0.62%"
"03/19/2019","0.897700","0.897400","0.899700","0.897000","","0.03%"
"03/18/2019","0.897400","0.897150","0.898550","0.895800","","0.04%"
"03/15/2019","0.897000","0.895200","0.897800","0.893600","","0.22%"
"03/14/2019","0.895000","0.899650","0.899800","0.894100","","-0.49%"
"03/13/2019","0.899400","0.898000","0.900900","0.897050","","0.18%"
"03/12/2019","0.897800","0.899250","0.900100","0.897050","","-0.13%"
"03/11/2019","0.899000","0.899850","0.901950","0.898400","","-0.04%"
"03/08/2019","0.899400","0.896250","0.902650","0.895600","","0.38%"
"03/07/2019","0.896000","0.894750","0.897000","0.893950","","0.16%"
"03/06/2019","0.894600","0.893800","0.896000","0.893400","","0.10%"
"03/05/2019","0.893700","0.895000","0.895150","0.891750","","-0.13%"
"03/04/2019","0.894900","0.894700","0.895750","0.892700","","0.17%"
"03/01/2019","0.893400","0.897700","0.898300","0.892200","","-0.48%"
"02/28/2019","0.897700","0.900950","0.903750","0.896800","","-0.34%"
"02/27/2019","0.900800","0.904300","0.906200","0.900200","","-0.38%"
"02/26/2019","0.904200","0.900400","0.905650","0.900100","","0.43%"
"02/25/2019","0.900300","0.903550","0.904350","0.898900","","-0.33%"
"02/22/2019","0.903300","0.903300","0.904500","0.901600","","0.01%"
"02/21/2019","0.903200","0.902050","0.904400","0.901800","","0.13%"
"02/20/2019","0.902000","0.903900","0.904750","0.901250","","-0.20%"
"02/19/2019","0.903800","0.904000","0.905400","0.902300","","0.00%"
"02/18/2019","0.903800","0.905500","0.905900","0.903600","","-0.15%"
"02/15/2019","0.905200","0.905150","0.907000","0.903700","","0.01%"
"02/14/2019","0.905100","0.900850","0.905350","0.899800","","0.49%"
"02/13/2019","0.900700","0.905050","0.905600","0.900400","","-0.49%"
"02/12/2019","0.905100","0.906000","0.906300","0.903700","","-0.09%"
"02/11/2019","0.905900","0.910500","0.911700","0.905200","","-0.58%"
"02/08/2019","0.911200","0.910600","0.912050","0.909900","","0.08%"
"02/07/2019","0.910500","0.909300","0.912400","0.908300","","0.13%"
"02/06/2019","0.909300","0.909350","0.912800","0.908600","","0.00%"
"02/05/2019","0.909300","0.909950","0.910900","0.908650","","-0.07%"
"02/04/2019","0.909900","0.913200","0.913800","0.907750","","-0.36%"
"02/01/2019","0.913200","0.918450","0.919800","0.912500","","-0.56%"
"01/31/2019","0.918300","0.917050","0.921700","0.916700","","0.14%"
"01/30/2019","0.917000","0.914100","0.919000","0.911150","","0.33%"
"01/29/2019","0.914000","0.914450","0.916350","0.912850","","-0.04%"
"01/28/2019","0.914400","0.913100","0.916150","0.912400","","0.19%"
"01/25/2019","0.912700","0.912050","0.913600","0.909400","","0.09%"
"01/24/2019","0.911900","0.912550","0.913900","0.910700","","-0.04%"
"01/23/2019","0.912300","0.914300","0.914750","0.909050","","-0.21%"
"01/22/2019","0.914200","0.911900","0.916250","0.911550","","0.27%"
"01/21/2019","0.911700","0.911150","0.913500","0.910950","","0.10%"
"01/18/2019","0.910800","0.915200","0.917000","0.909950","","-0.49%"
"01/17/2019","0.915300","0.916650","0.920100","0.914050","","-0.13%"
"01/16/2019","0.916500","0.920100","0.922750","0.915700","","-0.39%"
"01/15/2019","0.920100","0.924500","0.924750","0.919350","","-0.48%"
"01/14/2019","0.924500","0.921900","0.926100","0.921050","","0.37%"
"01/11/2019","0.921100","0.922200","0.924700","0.920800","","-0.13%"
"01/10/2019","0.922300","0.924450","0.927950","0.921500","","-0.23%"
"01/09/2019","0.924400","0.919600","0.926250","0.917400","","0.53%"
"01/08/2019","0.919500","0.919750","0.922200","0.916700","","-0.02%"
"01/07/2019","0.919700","0.921250","0.925700","0.919500","","-0.17%"
"01/04/2019","0.921300","0.928750","0.930150","0.920850","","-0.80%"
"01/03/2019","0.928700","0.918400","0.952600","0.918050","","1.12%"
"01/02/2019","0.918400","0.911800","0.919900","0.911300","","0.78%"
"01/01/2019","0.911300","0.912600","0.912600","0.910750","","-0.13%"
"12/31/2018","0.912500","0.905500","0.912850","0.905150","","0.64%"
"12/28/2018","0.906700","0.901100","0.907950","0.900450","","0.67%"
"12/27/2018","0.900700","0.897950","0.905400","0.897700","","0.32%"
"12/26/2018","0.897800","0.906600","0.908000","0.897500","","-0.97%"
"12/25/2018","0.906600","0.905350","0.909150","0.905250","","0.15%"
"12/24/2018","0.905200","0.901350","0.906950","0.899300","","0.69%"
"12/21/2018","0.899000","0.898600","0.901500","0.897100","","0.04%"
"12/20/2018","0.898600","0.889050","0.902450","0.888000","","1.08%"
"12/19/2018","0.889000","0.888700","0.892150","0.887600","","0.05%"
"12/18/2018","0.888600","0.886250","0.890900","0.886000","","0.28%"
"12/17/2018","0.886100","0.882450","0.887450","0.880800","","0.49%"
"12/14/2018","0.881800","0.879950","0.883300","0.879550","","0.22%"
"12/13/2018","0.879900","0.882700","0.883400","0.879400","","-0.31%"
"12/12/2018","0.882600","0.881950","0.883850","0.880850","","0.08%"
"12/11/2018","0.881900","0.882350","0.884950","0.881250","","-0.02%"
"12/10/2018","0.882100","0.887300","0.890950","0.882000","","-0.54%"
"12/07/2018","0.886900","0.887600","0.888550","0.885450","","-0.06%"
"12/06/2018","0.887400","0.883400","0.891050","0.883250","","0.45%"
"12/05/2018","0.883400","0.886750","0.887750","0.882950","","-0.35%"
"12/04/2018","0.886500","0.879850","0.888350","0.879700","","0.77%"
"12/03/2018","0.879700","0.881250","0.882050","0.878200","","-0.16%"
"11/30/2018","0.881100","0.881200","0.882400","0.879450","","0.00%"
"11/29/2018","0.881100","0.879650","0.883450","0.879600","","0.17%"
"11/28/2018","0.879600","0.878850","0.881500","0.876900","","0.09%"
"11/27/2018","0.878800","0.880400","0.881750","0.878350","","-0.17%"
"11/26/2018","0.880300","0.885350","0.886000","0.879850","","-0.56%"
"11/23/2018","0.885300","0.885400","0.887700","0.884800","","0.01%"
"11/22/2018","0.885200","0.884450","0.885950","0.883850","","0.09%"
"11/21/2018","0.884400","0.886750","0.887850","0.883750","","-0.26%"
"11/20/2018","0.886700","0.888450","0.890500","0.886200","","-0.18%"
"11/19/2018","0.888300","0.886250","0.889500","0.885900","","0.25%"
"11/16/2018","0.886100","0.879900","0.887800","0.879850","","0.70%"
"11/15/2018","0.879900","0.880100","0.884200","0.879450","","-0.01%"
"11/14/2018","0.880000","0.878650","0.882650","0.877100","","0.16%"
"11/13/2018","0.878600","0.878450","0.880500","0.876000","","0.03%"
"11/12/2018","0.878300","0.878500","0.879800","0.875600","","-0.01%"
"11/09/2018","0.878400","0.876700","0.879950","0.876500","","0.19%"
"11/08/2018","0.876700","0.880900","0.881250","0.876450","","-0.45%"
"11/07/2018","0.880700","0.881600","0.885450","0.878550","","-0.08%"
"11/06/2018","0.881400","0.883450","0.884200","0.881000","","-0.22%"
"11/05/2018","0.883300","0.883550","0.884450","0.882300","","0.01%"
"11/02/2018","0.883200","0.887200","0.888400","0.882400","","-0.45%"
"11/01/2018","0.887200","0.885400","0.888100","0.884900","","0.21%"
"10/31/2018","0.885300","0.883900","0.886500","0.881850","","0.14%"
"10/30/2018","0.884100","0.889900","0.890550","0.884200","","-0.64%"
"10/29/2018","0.889800","0.893550","0.894650","0.888400","","-0.41%"
"10/26/2018","0.893500","0.889750","0.897850","0.889250","","0.46%"
"10/25/2018","0.889400","0.890800","0.894300","0.887450","","-0.15%"
"10/24/2018","0.890700","0.889300","0.892150","0.886900","","0.16%"
"10/23/2018","0.889300","0.886300","0.893250","0.886100","","0.36%"
"10/22/2018","0.886100","0.888950","0.890100","0.885750","","-0.26%"
"10/19/2018","0.888400","0.891200","0.891850","0.887650","","-0.31%"
"10/18/2018","0.891200","0.887750","0.893200","0.887000","","0.41%"
"10/17/2018","0.887600","0.890850","0.892850","0.887400","","-0.36%"
"10/16/2018","0.890800","0.894650","0.895050","0.890150","","-0.41%"
"10/15/2018","0.894500","0.892050","0.895900","0.890750","","0.38%"
"10/12/2018","0.891100","0.891550","0.893800","0.888850","","-0.04%"
"10/11/2018","0.891500","0.890700","0.894150","0.888500","","0.10%"
"10/10/2018","0.890600","0.885250","0.890900","0.882700","","0.61%"
"10/09/2018","0.885200","0.883150","0.886050","0.881850","","0.24%"
"10/08/2018","0.883100","0.879500","0.886350","0.877550","","0.44%"
"10/05/2018","0.879200","0.877850","0.880650","0.876400","","0.17%"
"10/04/2018","0.877700","0.873100","0.880050","0.872950","","0.53%"
"10/03/2018","0.873100","0.879850","0.880900","0.872950","","-0.75%"
"10/02/2018","0.879700","0.877800","0.880900","0.877000","","0.23%"
"10/01/2018","0.877700","0.879550","0.879800","0.876650","","-0.19%"
"09/28/2018","0.879400","0.882000","0.882550","0.879400","","-0.28%"
"09/27/2018","0.881900","0.886950","0.888500","0.881250","","-0.57%"
"09/26/2018","0.887000","0.885150","0.887900","0.883750","","0.21%"
"09/25/2018","0.885100","0.886500","0.887050","0.885100","","-0.15%"
"09/24/2018","0.886400","0.888350","0.890700","0.886200","","-0.20%"
"09/21/2018","0.888200","0.889000","0.889550","0.885900","","-0.07%"
"09/20/2018","0.888800","0.890600","0.892650","0.888150","","-0.19%"
"09/19/2018","0.890500","0.889950","0.891600","0.889250","","0.08%"
"09/18/2018","0.889800","0.894000","0.895600","0.889650","","-0.47%"
"09/17/2018","0.894000","0.893200","0.894800","0.891800","","0.19%"
"09/14/2018","0.892300","0.893450","0.894850","0.891450","","-0.12%"
"09/13/2018","0.893400","0.898750","0.899650","0.892800","","-0.58%"
"09/12/2018","0.898600","0.895800","0.899950","0.895650","","0.32%"
"09/11/2018","0.895700","0.899900","0.900450","0.895650","","-0.46%"
"09/10/2018","0.899800","0.901150","0.902100","0.898850","","-0.03%"
"09/07/2018","0.900100","0.902900","0.905950","0.898800","","-0.30%"
"09/06/2018","0.902800","0.896650","0.904800","0.896550","","0.70%"
"09/05/2018","0.896500","0.897200","0.897850","0.894750","","-0.07%"
"09/04/2018","0.897100","0.900400","0.901700","0.896500","","-0.34%"
"09/03/2018","0.900200","0.900200","0.902100","0.899300","","-0.01%"
"08/31/2018","0.900300","0.901000","0.903550","0.899700","","-0.07%"
"08/30/2018","0.900900","0.895400","0.901350","0.894800","","0.63%"
"08/29/2018","0.895300","0.899350","0.900000","0.894200","","-0.43%"
"08/28/2018","0.899200","0.900200","0.901300","0.897950","","-0.11%"
"08/27/2018","0.900200","0.898900","0.901500","0.897900","","0.14%"
"08/24/2018","0.898900","0.898600","0.900100","0.896950","","0.04%"
"08/23/2018","0.898500","0.904550","0.904900","0.898300","","-0.66%"
"08/22/2018","0.904500","0.906650","0.908900","0.904000","","-0.23%"
"08/21/2018","0.906600","0.908500","0.911000","0.904550","","-0.21%"
"08/20/2018","0.908500","0.904800","0.908950","0.903400","","0.39%"
"08/17/2018","0.904950","0.901800","0.906600","0.900450","","0.35%"
"08/16/2018","0.901750","0.903000","0.905300","0.899900","","-0.14%"
"08/15/2018","0.903000","0.899700","0.905700","0.897350","","0.37%"
"08/14/2018","0.899650","0.903400","0.904250","0.898300","","-0.38%"
"08/13/2018","0.903100","0.901400","0.908200","0.901350","","0.19%"
"08/10/2018","0.901400","0.900200","0.904950","0.899500","","0.13%"
"08/09/2018","0.900200","0.901000","0.903350","0.899300","","-0.09%"
"08/08/2018","0.901000","0.897800","0.902300","0.897250","","0.36%"
"08/07/2018","0.897800","0.897600","0.901000","0.897000","","0.02%"
"08/06/2018","0.897650","0.899300","0.899700","0.896600","","-0.12%"
"08/03/2018","0.898750","0.895600","0.900200","0.894250","","0.35%"
"08/02/2018","0.895650","0.895100","0.898250","0.894800","","0.07%"
"08/01/2018","0.895050","0.893850","0.897750","0.891600","","0.13%"
"07/31/2018","0.893850","0.900500","0.902750","0.893150","","-0.72%"
"07/30/2018","0.900350","0.900600","0.901800","0.899500","","-0.02%"
"07/27/2018","0.900550","0.899100","0.902600","0.898850","","0.17%"
"07/26/2018","0.899050","0.901100","0.904250","0.898850","","-0.23%"
"07/25/2018","0.901100","0.899250","0.903700","0.897750","","0.20%"
"07/24/2018","0.899300","0.898050","0.901200","0.896700","","0.13%"
"07/23/2018","0.898100","0.896800","0.902950","0.896400","","0.06%"
"07/20/2018","0.897550","0.889200","0.897800","0.887900","","0.94%"
"07/19/2018","0.889150","0.886150","0.892300","0.883600","","0.36%"
"07/18/2018","0.885950","0.885950","0.887250","0.883750","","0.01%"
"07/17/2018","0.885850","0.890600","0.891100","0.885450","","-0.52%"
"07/16/2018","0.890500","0.890050","0.891300","0.888400","","0.07%"
"07/13/2018","0.889900","0.888400","0.890700","0.886500","","0.17%"
"07/12/2018","0.888400","0.892750","0.893550","0.887850","","-0.49%"
"07/11/2018","0.892750","0.900900","0.902850","0.891400","","-0.91%"
"07/10/2018","0.900950","0.902100","0.902550","0.897950","","-0.13%"
"07/09/2018","0.902100","0.904950","0.906550","0.901650","","-0.35%"
"07/06/2018","0.905300","0.903950","0.906050","0.902600","","0.15%"
"07/05/2018","0.903950","0.905200","0.906700","0.903150","","-0.14%"
"07/04/2018","0.905200","0.904200","0.906800","0.903850","","0.11%"
"07/03/2018","0.904200","0.901700","0.905000","0.899750","","0.27%"
"07/02/2018","0.901750","0.903300","0.905000","0.900350","","-0.19%"
"06/29/2018","0.903500","0.905100","0.906000","0.901350","","-0.17%"
"06/28/2018","0.905000","0.907000","0.909400","0.903750","","-0.22%"
"06/27/2018","0.906950","0.908550","0.911750","0.904950","","-0.18%"
"06/26/2018","0.908550","0.911000","0.914350","0.907250","","-0.26%"
"06/25/2018","0.910950","0.909850","0.914350","0.908750","","0.18%"
"06/22/2018","0.909350","0.909100","0.910800","0.907250","","0.02%"
"06/21/2018","0.909150","0.906100","0.910500","0.902850","","0.33%"
"06/20/2018","0.906150","0.908550","0.910300","0.905350","","-0.28%"
"06/19/2018","0.908650","0.904550","0.912850","0.904300","","0.45%"
"06/18/2018","0.904550","0.903550","0.906600","0.902950","","0.11%"
"06/15/2018","0.903550","0.903950","0.905950","0.901600","","-0.04%"
"06/14/2018","0.903900","0.906350","0.909900","0.903300","","-0.26%"
"06/13/2018","0.906300","0.906000","0.907000","0.902100","","0.03%"
"06/12/2018","0.906000","0.908800","0.909200","0.905000","","-0.31%"
"06/11/2018","0.908800","0.913450","0.915650","0.908100","","-0.44%"
"06/08/2018","0.912850","0.911550","0.915900","0.910250","","0.14%"
"06/07/2018","0.911550","0.907650","0.913350","0.907250","","0.44%"
"06/06/2018","0.907550","0.910800","0.910900","0.906850","","-0.36%"
"06/05/2018","0.910800","0.910650","0.913500","0.908950","","0.02%"
"06/04/2018","0.910600","0.913200","0.914300","0.910250","","-0.25%"
"06/01/2018","0.912850","0.919000","0.919850","0.911200","","-0.66%"
"05/31/2018","0.918950","0.918250","0.922650","0.917350","","0.08%"
"05/30/2018","0.918250","0.919400","0.922950","0.916700","","-0.13%"
"05/29/2018","0.919400","0.913900","0.925000","0.913450","","0.60%"
"05/28/2018","0.913900","0.912700","0.915500","0.910400","","-0.02%"
"05/25/2018","0.914100","0.915300","0.916450","0.911150","","-0.13%"
"05/24/2018","0.915300","0.908400","0.917850","0.908100","","0.76%"
"05/23/2018","0.908400","0.901700","0.912850","0.901450","","0.74%"
"05/22/2018","0.901750","0.900500","0.902600","0.899300","","0.14%"
"05/21/2018","0.900450","0.903150","0.903150","0.897650","","-0.27%"
"05/18/2018","0.902900","0.902800","0.904150","0.900200","","0.02%"
"05/17/2018","0.902750","0.905850","0.908500","0.901950","","-0.35%"
"05/16/2018","0.905900","0.906250","0.908900","0.905700","","-0.03%"
"05/15/2018","0.906200","0.911950","0.912000","0.905300","","-0.63%"
"05/14/2018","0.911900","0.914100","0.915700","0.911800","","-0.24%"
"05/11/2018","0.914100","0.914050","0.916200","0.912650","","0.00%"
"05/10/2018","0.914100","0.911200","0.914850","0.908850","","0.32%"
"05/09/2018","0.911200","0.916400","0.917550","0.910350","","-0.57%"
"05/08/2018","0.916400","0.916650","0.918900","0.914400","","-0.03%"
"05/07/2018","0.916650","0.916400","0.919550","0.914100","","0.03%"
"05/04/2018","0.916400","0.915750","0.920450","0.915050","","0.07%"
"05/03/2018","0.915800","0.910450","0.918050","0.910050","","0.60%"
"05/02/2018","0.910350","0.910250","0.912550","0.908750","","0.02%"
"05/01/2018","0.910200","0.914550","0.915450","0.909950","","-0.49%"
"04/30/2018","0.914650","0.917300","0.917300","0.913600","","-0.26%"
"04/27/2018","0.917050","0.914850","0.917850","0.912900","","0.24%"
"04/26/2018","0.914850","0.913900","0.916950","0.913400","","0.11%"
"04/25/2018","0.913850","0.919000","0.919200","0.913600","","-0.55%"
"04/24/2018","0.918950","0.919900","0.921300","0.915650","","-0.10%"
"04/23/2018","0.919900","0.929050","0.929050","0.919450","","-0.96%"
"04/20/2018","0.928800","0.931300","0.931500","0.927050","","-0.27%"
"04/19/2018","0.931300","0.932550","0.933100","0.929950","","-0.13%"
"04/18/2018","0.932550","0.934550","0.934650","0.931100","","-0.21%"
"04/17/2018","0.934550","0.933550","0.935700","0.932650","","0.11%"
"04/16/2018","0.933500","0.931300","0.934350","0.929150","","0.21%"
"04/13/2018","0.931550","0.931650","0.932900","0.927750","","-0.01%"
"04/12/2018","0.931650","0.936400","0.937250","0.930850","","-0.50%"
"04/11/2018","0.936350","0.932800","0.937750","0.932350","","0.38%"
"04/10/2018","0.932800","0.936650","0.938000","0.931050","","-0.41%"
"04/09/2018","0.936650","0.935250","0.938000","0.932750","","0.16%"
"04/06/2018","0.935200","0.931250","0.936600","0.930550","","0.42%"
"04/05/2018","0.931300","0.936550","0.937100","0.930200","","-0.56%"
"04/04/2018","0.936500","0.938000","0.943550","0.935900","","-0.17%"
"04/03/2018","0.938050","0.944350","0.946200","0.937550","","-0.67%"
"04/02/2018","0.944350","0.941150","0.946450","0.939350","","0.36%"
"03/30/2018","0.940950","0.939650","0.942400","0.938550","","0.14%"
"03/29/2018","0.939600","0.935850","0.941150","0.935150","","0.40%"
"03/28/2018","0.935850","0.949250","0.949500","0.934400","","-1.41%"
"03/27/2018","0.949250","0.948750","0.949500","0.944200","","0.06%"
"03/26/2018","0.948700","0.954800","0.956400","0.947950","","-0.63%"
"03/23/2018","0.954750","0.949900","0.955650","0.949100","","0.52%"
"03/22/2018","0.949850","0.942950","0.950100","0.942500","","0.74%"
"03/21/2018","0.942900","0.938700","0.944500","0.937700","","0.45%"
"03/20/2018","0.938650","0.942600","0.944100","0.938000","","-0.41%"
"03/19/2018","0.942550","0.943800","0.946350","0.940600","","-0.11%"
"03/16/2018","0.943600","0.940350","0.947000","0.939900","","0.35%"
"03/15/2018","0.940350","0.940500","0.945350","0.939650","","-0.02%"
"03/14/2018","0.940550","0.938300","0.942900","0.936750","","0.24%"
"03/13/2018","0.938300","0.939750","0.941250","0.931950","","-0.15%"
"03/12/2018","0.939700","0.936200","0.940600","0.934750","","0.35%"
"03/09/2018","0.936400","0.941300","0.942000","0.934100","","-0.55%"
"03/08/2018","0.941550","0.942750","0.944450","0.940550","","-0.13%"
"03/07/2018","0.942750","0.942300","0.948300","0.941400","","0.05%"
"03/06/2018","0.942300","0.941550","0.944750","0.939200","","0.08%"
"03/05/2018","0.941550","0.946150","0.949200","0.941300","","-0.43%"
"03/02/2018","0.945600","0.941400","0.950150","0.940700","","0.46%"
"03/01/2018","0.941300","0.937450","0.942000","0.932800","","0.41%"
"02/28/2018","0.937450","0.931650","0.938500","0.929950","","0.62%"
"02/27/2018","0.931650","0.935150","0.936550","0.928650","","-0.37%"
"02/26/2018","0.935100","0.934950","0.940100","0.932000","","-0.05%"
"02/23/2018","0.935550","0.936750","0.938950","0.933350","","-0.13%"
"02/22/2018","0.936750","0.927850","0.938200","0.927600","","0.96%"
"02/21/2018","0.927850","0.931750","0.932250","0.926650","","-0.41%"
"02/20/2018","0.931650","0.938100","0.938450","0.931300","","-0.69%"
"02/19/2018","0.938100","0.940450","0.942600","0.936950","","-0.27%"
"02/16/2018","0.940600","0.942200","0.947500","0.939850","","-0.18%"
"02/15/2018","0.942300","0.934550","0.943150","0.934250","","0.84%"